symbol,timestamp,open,high,low,close,volume,trade_count,vwap
AXP,2020-03-12 04:00:00+00:00,87.66,89.61,81.81,86.06,13421236.0,124789.0,84.256932
AXP,2020-03-13 04:00:00+00:00,90.38,100.08,84.3,99.6,13923464.0,142868.0,92.895005
AXP,2020-03-16 04:00:00+00:00,82.44,93.18,80.37,85.87,16449485.0,145869.0,88.226101
AXP,2020-03-17 04:00:00+00:00,87.61,88.94,83.22,86.58,11366196.0,109937.0,85.892827
AXP,2020-03-18 04:00:00+00:00,80.02,81.52,67.0,73.75,15405406.0,144876.0,73.421263
AXP,2020-03-19 04:00:00+00:00,72.54,77.89,69.79,77.07,13156361.0,114646.0,74.821332
AXP,2020-03-20 04:00:00+00:00,78.98,82.44,72.56,74.12,13470164.0,111528.0,76.899727
AXP,2020-03-23 04:00:00+00:00,72.82,75.4163,68.12,68.96,9779162.0,77931.0,70.542113
AXP,2020-03-24 04:00:00+00:00,73.51,84.77,71.7,84.05,11631849.0,98819.0,80.434443
AXP,2020-03-25 04:00:00+00:00,87.61,96.46,85.32,90.17,11969841.0,103970.0,90.154035
AXP,2020-03-26 04:00:00+00:00,92.24,99.69,90.84,93.29,10272280.0,91652.0,95.00691
AXP,2020-03-27 04:00:00+00:00,88.0,91.97,85.82,88.73,7683161.0,69638.0,89.121161
AXP,2020-03-30 04:00:00+00:00,88.51,91.39,85.27,90.27,6168593.0,59825.0,89.241865
AXP,2020-03-31 04:00:00+00:00,89.94,90.9,85.07,85.61,6717781.0,74617.0,87.297509
AXP,2020-04-01 04:00:00+00:00,81.0,81.31,77.0,77.84,9145488.0,96443.0,78.911701
AXP,2020-04-02 04:00:00+00:00,77.06,79.12,75.83,76.66,8835628.0,83202.0,77.069057
AXP,2020-04-03 04:00:00+00:00,76.0,76.66,72.61,73.6,10432765.0,95362.0,73.904369
AXP,2020-04-06 04:00:00+00:00,78.99,84.25,78.74,83.87,12446206.0,96702.0,82.691893
AXP,2020-04-07 04:00:00+00:00,91.43,93.3,87.42,87.58,9292679.0,92554.0,89.923104
AXP,2020-04-08 04:00:00+00:00,89.21,93.0,88.1218,92.08,6745802.0,62959.0,91.048508
AXP,2020-04-09 04:00:00+00:00,94.68,97.85,93.46,94.82,7299184.0,75002.0,95.444299
AXP,2020-04-13 04:00:00+00:00,93.29,93.42,87.9429,90.33,5283380.0,60116.0,90.153255
AXP,2020-04-14 04:00:00+00:00,91.5,92.5,85.91,88.39,9113352.0,93167.0,88.04619
AXP,2020-04-15 04:00:00+00:00,83.43,85.4,80.68,83.79,11191869.0,99850.0,83.437068
AXP,2020-04-16 04:00:00+00:00,83.79,83.94,80.335,81.35,7845452.0,79389.0,81.497866
AXP,2020-04-17 04:00:00+00:00,85.32,87.39,84.28,87.39,9358952.0,75427.0,86.361129
AXP,2020-04-20 04:00:00+00:00,84.5,85.27,82.69,84.01,6708555.0,61629.0,84.11705
AXP,2020-04-21 04:00:00+00:00,80.73,82.455,79.47,81.52,7840163.0,72457.0,81.486056
AXP,2020-04-22 04:00:00+00:00,83.6,83.655,81.97,82.54,5451957.0,43613.0,82.592427
AXP,2020-04-23 04:00:00+00:00,83.24,84.78,81.71,82.46,6545984.0,54049.0,82.902451
AXP,2020-04-24 04:00:00+00:00,84.13,84.78,81.31,83.17,9596253.0,82732.0,82.504872
AXP,2020-04-27 04:00:00+00:00,83.47,85.15,82.34,85.06,8154006.0,65068.0,83.899115
AXP,2020-04-28 04:00:00+00:00,87.56,88.96,86.21,88.19,7477256.0,70152.0,87.958007
AXP,2020-04-29 04:00:00+00:00,91.75,96.39,90.89,96.12,9822010.0,91023.0,94.143762
AXP,2020-04-30 04:00:00+00:00,93.75,94.31,91.17,91.25,7096375.0,60201.0,92.266074
AXP,2020-05-01 04:00:00+00:00,88.03,89.07,87.16,88.32,5066278.0,50912.0,88.375105
AXP,2020-05-04 04:00:00+00:00,86.09,87.37,85.02,86.38,5183707.0,54501.0,86.153028
AXP,2020-05-05 04:00:00+00:00,88.005,88.73,86.36,86.74,4675065.0,48774.0,87.636044
AXP,2020-05-06 04:00:00+00:00,87.49,87.76,83.86,84.0,5155788.0,50735.0,84.804893
AXP,2020-05-07 04:00:00+00:00,85.3,87.37,84.93,86.73,4877947.0,48917.0,86.276802
AXP,2020-05-08 04:00:00+00:00,88.5,89.66,87.545,89.5,4243244.0,42302.0,88.902801
AXP,2020-05-11 04:00:00+00:00,87.5,87.65,85.3,85.33,6242248.0,60492.0,86.045441
AXP,2020-05-12 04:00:00+00:00,86.1,87.26,83.1,83.14,5897183.0,58872.0,84.5216
AXP,2020-05-13 04:00:00+00:00,82.0,82.13,77.4,78.03,11148906.0,112025.0,78.940156
AXP,2020-05-14 04:00:00+00:00,76.92,83.9,76.0,83.81,10943140.0,99090.0,80.847295
AXP,2020-05-15 04:00:00+00:00,82.47,83.39,81.225,82.22,7895929.0,47761.0,82.159623
AXP,2020-05-18 04:00:00+00:00,86.68,89.0,85.92,88.41,8482681.0,75128.0,87.916081
AXP,2020-05-19 04:00:00+00:00,88.41,89.84,86.6101,87.26,5156847.0,55745.0,88.214951
AXP,2020-05-20 04:00:00+00:00,89.18,91.34,88.77,90.73,5660442.0,48868.0,90.406081
AXP,2020-05-21 04:00:00+00:00,90.11,91.43,89.1246,89.83,6544511.0,53741.0,90.014043
AXP,2020-05-22 04:00:00+00:00,89.71,89.945,88.209,89.33,3949533.0,43664.0,89.084034
AXP,2020-05-26 04:00:00+00:00,93.94,95.57,92.89,94.32,7291238.0,67054.0,94.377092
AXP,2020-05-27 04:00:00+00:00,100.0,101.69,96.8,101.23,11512819.0,95588.0,99.740121
AXP,2020-05-28 04:00:00+00:00,101.54,102.46,98.01,98.06,9701765.0,81617.0,99.006008
AXP,2020-05-29 04:00:00+00:00,95.5,97.11,94.66,95.07,8834097.0,74053.0,95.538189
AXP,2020-06-01 04:00:00+00:00,95.55,98.07,94.56,96.75,4563691.0,46246.0,96.868707
AXP,2020-06-02 04:00:00+00:00,98.6,100.49,98.17,99.07,5948486.0,57699.0,99.464674
AXP,2020-06-03 04:00:00+00:00,102.78,105.87,101.6313,105.4,7722404.0,69062.0,104.367696
AXP,2020-06-04 04:00:00+00:00,103.24,107.43,103.23,106.54,6122297.0,70097.0,105.967547
AXP,2020-06-05 04:00:00+00:00,114.11,115.93,108.07,109.73,10636267.0,101417.0,111.226446
AXP,2020-06-08 04:00:00+00:00,111.91,113.71,110.64,113.67,7584013.0,62157.0,112.791828
AXP,2020-06-09 04:00:00+00:00,110.08,111.798,108.67,110.46,6054504.0,56439.0,110.319129
AXP,2020-06-10 04:00:00+00:00,110.0,110.33,105.96,106.16,6183990.0,66370.0,107.230369
AXP,2020-06-11 04:00:00+00:00,100.87,102.99,98.13,98.6,9356407.0,100118.0,99.77096
AXP,2020-06-12 04:00:00+00:00,103.23,103.5,98.08,101.68,7696677.0,76790.0,100.595658
AXP,2020-06-15 04:00:00+00:00,100.0,104.74,97.62,103.95,6766584.0,73648.0,101.749452
AXP,2020-06-16 04:00:00+00:00,109.02,109.06,102.855,105.62,7133771.0,81507.0,105.794283
AXP,2020-06-17 04:00:00+00:00,105.67,106.12,103.83,103.96,4938028.0,47626.0,104.784171
AXP,2020-06-18 04:00:00+00:00,102.14,103.49,101.27,102.16,3955049.0,40506.0,102.218167
AXP,2020-06-19 04:00:00+00:00,104.23,104.23,99.32,100.94,9443876.0,56301.0,101.332179
AXP,2020-06-22 04:00:00+00:00,98.0,100.5,97.95,99.44,5234387.0,50780.0,99.462877
AXP,2020-06-23 04:00:00+00:00,100.94,101.6475,99.245,99.42,4727868.0,45226.0,99.784266
AXP,2020-06-24 04:00:00+00:00,97.65,98.27,94.995,95.48,6639425.0,68068.0,95.993051
AXP,2020-06-25 04:00:00+00:00,94.61,98.12,93.76,97.85,5576785.0,53557.0,96.795274
AXP,2020-06-26 04:00:00+00:00,95.93,96.3,92.45,93.42,12742771.0,74752.0,93.555895
AXP,2020-06-29 04:00:00+00:00,94.44,95.41,93.34,94.52,5495926.0,51762.0,94.50126
AXP,2020-06-30 04:00:00+00:00,94.16,95.6,93.5656,95.2,5073471.0,48514.0,94.92228
AXP,2020-07-01 04:00:00+00:00,95.25,96.96,93.64,94.05,3549891.0,40261.0,94.773093
AXP,2020-07-02 04:00:00+00:00,96.77,97.29,93.85,94.33,4718350.0,44569.0,95.090818
AXP,2020-07-06 04:00:00+00:00,96.51,97.9,95.84,96.58,4513977.0,43601.0,96.584783
AXP,2020-07-07 04:00:00+00:00,95.41,95.515,92.63,93.01,6063900.0,61064.0,93.472387
AXP,2020-07-08 04:00:00+00:00,91.82,93.095,90.71,92.9,7105123.0,64220.0,92.13202
AXP,2020-07-09 04:00:00+00:00,92.5,93.21,89.58,90.57,4832938.0,55140.0,90.672343
AXP,2020-07-10 04:00:00+00:00,90.34,93.305,89.82,93.23,5165139.0,42089.0,92.542456
AXP,2020-07-13 04:00:00+00:00,94.24,95.76,92.78,93.56,5086271.0,57332.0,94.333969
AXP,2020-07-14 04:00:00+00:00,93.19,95.22,92.29,94.84,4478695.0,45353.0,94.351313
AXP,2020-07-15 04:00:00+00:00,96.66,97.78,96.39,97.36,5903952.0,60262.0,97.089491
AXP,2020-07-16 04:00:00+00:00,96.5,97.79,95.67,96.32,2890018.0,34463.0,96.647507
AXP,2020-07-17 04:00:00+00:00,96.35,96.53,95.01,95.18,3114317.0,32206.0,95.46355
AXP,2020-07-20 04:00:00+00:00,94.8,95.36,93.58,94.0,3778651.0,43988.0,94.250508
AXP,2020-07-21 04:00:00+00:00,95.25,97.46,94.73,96.33,4575400.0,48457.0,96.26319
AXP,2020-07-22 04:00:00+00:00,95.81,97.41,95.38,96.54,4898736.0,45427.0,96.637736
AXP,2020-07-23 04:00:00+00:00,95.51,97.78,95.51,96.67,4780121.0,44779.0,96.629917
AXP,2020-07-24 04:00:00+00:00,95.3,97.15,93.3,95.33,5063062.0,55838.0,95.690925
AXP,2020-07-27 04:00:00+00:00,94.64,95.98,93.6401,95.79,3843426.0,42905.0,95.307924
AXP,2020-07-28 04:00:00+00:00,95.76,96.29,94.18,94.42,3858397.0,40730.0,94.765475
AXP,2020-07-29 04:00:00+00:00,94.71,96.75,94.44,96.69,3061633.0,33304.0,96.100765
AXP,2020-07-30 04:00:00+00:00,94.68,94.78,92.5,94.65,4103186.0,45423.0,93.942716
AXP,2020-07-31 04:00:00+00:00,94.31,94.45,92.23,93.32,4589395.0,44114.0,93.162387
AXP,2020-08-03 04:00:00+00:00,93.31,94.4,92.44,93.54,3109173.0,32319.0,93.661149
AXP,2020-08-04 04:00:00+00:00,93.49,93.7966,92.49,93.19,2589309.0,30986.0,93.074079
AXP,2020-08-05 04:00:00+00:00,93.82,95.58,93.81,95.39,3159583.0,33554.0,94.976658
AXP,2020-08-06 04:00:00+00:00,95.18,96.265,94.48,95.92,3004266.0,36443.0,95.54637
AXP,2020-08-07 04:00:00+00:00,95.29,99.3,94.95,99.16,5001849.0,54196.0,97.886241
AXP,2020-08-10 04:00:00+00:00,99.49,102.645,99.26,101.62,5889539.0,51177.0,101.57947
AXP,2020-08-11 04:00:00+00:00,103.99,105.7,102.96,103.26,4996226.0,61531.0,104.282181
AXP,2020-08-12 04:00:00+00:00,104.76,104.8,100.68,101.68,3701163.0,42427.0,102.165265
AXP,2020-08-13 04:00:00+00:00,100.53,101.83,99.5,100.42,3829545.0,33290.0,100.359028
AXP,2020-08-14 04:00:00+00:00,99.66,101.29,99.27,100.41,2188924.0,27237.0,100.344944
AXP,2020-08-17 04:00:00+00:00,99.92,100.0,97.44,97.55,7983006.0,52464.0,98.041902
AXP,2020-08-18 04:00:00+00:00,98.19,98.83,96.47,96.67,3674025.0,40396.0,97.016524
AXP,2020-08-19 04:00:00+00:00,96.82,97.9148,95.89,96.89,3649619.0,31364.0,96.957087
AXP,2020-08-20 04:00:00+00:00,95.74,97.5755,95.68,96.72,3635479.0,33144.0,96.849808
AXP,2020-08-21 04:00:00+00:00,96.49,97.65,95.96,96.15,3088490.0,27540.0,96.405015
AXP,2020-08-24 04:00:00+00:00,96.68,99.37,96.39,99.33,4560811.0,37453.0,98.667783
AXP,2020-08-25 04:00:00+00:00,100.62,100.79,98.0282,99.05,3179628.0,35917.0,99.192097
AXP,2020-08-26 04:00:00+00:00,98.56,99.14,97.81,98.4,3750842.0,29128.0,98.400115
AXP,2020-08-27 04:00:00+00:00,98.76,102.14,98.53,101.53,4255105.0,46485.0,101.318692
AXP,2020-08-28 04:00:00+00:00,102.15,102.9,100.74,102.54,4883956.0,43632.0,102.280185
AXP,2020-08-31 04:00:00+00:00,102.9,102.9,101.36,101.59,5306892.0,45548.0,101.88398
AXP,2020-09-01 04:00:00+00:00,100.54,102.78,100.16,102.47,3453246.0,40873.0,102.010999
AXP,2020-09-02 04:00:00+00:00,102.58,104.87,102.29,104.4,3939697.0,38633.0,103.906163
AXP,2020-09-03 04:00:00+00:00,104.97,109.03,103.85,104.46,7217838.0,77438.0,105.880678
AXP,2020-09-04 04:00:00+00:00,106.35,108.275,104.48,105.67,5648080.0,61736.0,105.963865
AXP,2020-09-08 04:00:00+00:00,104.42,105.08,103.3,103.67,5229484.0,53575.0,103.937281
AXP,2020-09-09 04:00:00+00:00,104.57,104.71,102.69,103.78,2807676.0,33013.0,103.879837
AXP,2020-09-10 04:00:00+00:00,104.19,105.11,102.31,102.77,3949681.0,34986.0,103.011977
AXP,2020-09-11 04:00:00+00:00,102.91,103.85,102.0105,103.36,2878116.0,30334.0,103.164588
AXP,2020-09-14 04:00:00+00:00,104.65,107.69,104.22,107.27,4128248.0,39640.0,106.915279
AXP,2020-09-15 04:00:00+00:00,107.84,108.12,106.24,106.68,3883086.0,40765.0,106.861902
AXP,2020-09-16 04:00:00+00:00,106.73,107.49,104.69,105.98,6186142.0,59204.0,106.093993
AXP,2020-09-17 04:00:00+00:00,104.3,105.35,103.3201,104.66,3671592.0,37642.0,104.42469
AXP,2020-09-18 04:00:00+00:00,104.46,106.12,103.31,103.44,8422914.0,42287.0,103.87522
AXP,2020-09-21 04:00:00+00:00,100.6,100.63,96.215,98.17,9500247.0,80294.0,97.738339
AXP,2020-09-22 04:00:00+00:00,98.01,99.7847,96.41,98.48,5388809.0,53712.0,97.968847
AXP,2020-09-23 04:00:00+00:00,95.76,97.1,95.09,95.56,10486740.0,87080.0,95.842653
AXP,2020-09-24 04:00:00+00:00,95.34,96.8988,93.71,95.45,4525859.0,49984.0,95.168228
AXP,2020-09-25 04:00:00+00:00,94.68,96.85,94.46,96.26,3064906.0,32699.0,95.947178
AXP,2020-09-28 04:00:00+00:00,99.0,99.725,98.63,98.82,4343809.0,39222.0,99.10742
AXP,2020-09-29 04:00:00+00:00,98.74,99.35,97.23,97.75,3637470.0,34992.0,98.101571
AXP,2020-09-30 04:00:00+00:00,98.23,101.52,98.23,100.25,5681536.0,53296.0,100.252868
AXP,2020-10-01 04:00:00+00:00,100.33,101.48,99.37,101.33,4421488.0,51924.0,100.645413
AXP,2020-10-02 04:00:00+00:00,99.78,103.14,98.63,101.61,4046790.0,45461.0,101.344218
AXP,2020-10-05 04:00:00+00:00,103.33,104.08,102.27,103.89,3145764.0,37802.0,103.502264
AXP,2020-10-06 04:00:00+00:00,105.01,105.29,101.32,101.76,3573877.0,40899.0,103.206282
AXP,2020-10-07 04:00:00+00:00,102.81,104.1546,102.39,103.38,3412187.0,33775.0,103.3667
AXP,2020-10-08 04:00:00+00:00,104.33,106.14,104.06,106.06,3213392.0,37385.0,105.527715
AXP,2020-10-09 04:00:00+00:00,105.99,107.21,105.235,106.34,3764028.0,40545.0,106.253549
AXP,2020-10-12 04:00:00+00:00,106.46,107.01,106.0,106.61,2868448.0,26422.0,106.650568
AXP,2020-10-13 04:00:00+00:00,105.89,106.59,104.76,105.01,2771587.0,32117.0,105.527958
AXP,2020-10-14 04:00:00+00:00,105.4,106.27,104.76,104.81,3290737.0,29914.0,105.220679
AXP,2020-10-15 04:00:00+00:00,103.02,104.89,103.02,104.43,2868358.0,35341.0,104.190135
AXP,2020-10-16 04:00:00+00:00,104.65,105.68,104.2,104.91,2617363.0,33365.0,105.0313
AXP,2020-10-19 04:00:00+00:00,105.13,105.22,102.25,102.47,3535654.0,42531.0,103.176511
AXP,2020-10-20 04:00:00+00:00,102.94,104.61,102.83,103.14,3145852.0,38908.0,103.49999
AXP,2020-10-21 04:00:00+00:00,103.17,103.385,101.355,101.43,2857724.0,35675.0,101.855374
AXP,2020-10-22 04:00:00+00:00,101.7,104.86,101.5701,104.79,4054688.0,45589.0,103.911268
AXP,2020-10-23 04:00:00+00:00,100.63,103.64,100.0,100.98,9306690.0,78482.0,101.366577
AXP,2020-10-26 04:00:00+00:00,99.77,100.1,95.78,96.88,6064589.0,80238.0,97.043114
AXP,2020-10-27 04:00:00+00:00,97.62,97.7,94.9,94.93,4101148.0,52503.0,95.446597
AXP,2020-10-28 04:00:00+00:00,91.96,93.57,91.0,91.6,8188255.0,83028.0,91.758536
AXP,2020-10-29 04:00:00+00:00,91.41,92.23,90.13,91.07,6021707.0,65581.0,91.06346
AXP,2020-10-30 04:00:00+00:00,90.8,91.32,89.11,91.24,5243433.0,60701.0,90.486268
AXP,2020-11-02 05:00:00+00:00,92.96,94.13,92.27,93.4,4042681.0,46541.0,93.279553
AXP,2020-11-03 05:00:00+00:00,94.75,96.8481,94.4,96.29,4337550.0,51205.0,96.212201
AXP,2020-11-04 05:00:00+00:00,94.0,97.82,92.86,96.4,5297791.0,58442.0,96.331435
AXP,2020-11-05 05:00:00+00:00,97.21,98.32,96.84,98.11,4602703.0,49177.0,97.738131
AXP,2020-11-06 05:00:00+00:00,98.52,98.64,96.27,96.69,3407882.0,42213.0,96.960557
AXP,2020-11-09 05:00:00+00:00,110.54,119.81,110.19,117.37,17964346.0,197113.0,116.087731
AXP,2020-11-10 05:00:00+00:00,118.59,119.89,115.12,115.95,7507302.0,80771.0,117.086909
AXP,2020-11-11 05:00:00+00:00,115.93,116.0,110.302,111.12,6222855.0,62878.0,111.726548
AXP,2020-11-12 05:00:00+00:00,109.82,112.12,109.5523,111.1,5372505.0,56808.0,111.120975
AXP,2020-11-13 05:00:00+00:00,112.34,115.635,112.21,114.99,5332554.0,54292.0,114.590462
AXP,2020-11-16 05:00:00+00:00,119.1,120.39,116.75,118.67,5952112.0,57289.0,118.55099
AXP,2020-11-17 05:00:00+00:00,116.97,117.79,114.14,116.48,4322161.0,44193.0,116.098679
AXP,2020-11-18 05:00:00+00:00,116.94,118.76,114.19,114.24,3685051.0,38736.0,115.869001
AXP,2020-11-19 05:00:00+00:00,113.78,114.8,112.53,114.14,3530228.0,44158.0,113.569956
AXP,2020-11-20 05:00:00+00:00,113.74,114.54,111.9,112.58,4077231.0,43632.0,112.662549
AXP,2020-11-23 05:00:00+00:00,114.24,116.78,113.72,116.09,3298816.0,42215.0,115.846165
AXP,2020-11-24 05:00:00+00:00,119.0,120.84,117.89,120.39,6834392.0,65659.0,120.054788
AXP,2020-11-25 05:00:00+00:00,119.5,120.98,118.25,120.58,5692765.0,49354.0,120.198516
AXP,2020-11-27 05:00:00+00:00,120.53,121.69,119.79,120.59,2711034.0,26124.0,120.730068
AXP,2020-11-30 05:00:00+00:00,120.03,121.4848,118.0,118.59,4246267.0,41271.0,119.13696
AXP,2020-12-01 05:00:00+00:00,120.32,122.57,119.85,119.93,3987256.0,39861.0,120.804548
AXP,2020-12-02 05:00:00+00:00,119.28,122.85,118.9,122.33,3667552.0,43000.0,121.610322
AXP,2020-12-03 05:00:00+00:00,122.85,123.95,122.115,123.12,4861302.0,48470.0,122.989002
AXP,2020-12-04 05:00:00+00:00,124.35,125.32,123.85,125.04,5617910.0,53802.0,124.816338
AXP,2020-12-07 05:00:00+00:00,124.51,124.87,122.63,123.94,4886174.0,51026.0,123.557533
AXP,2020-12-08 05:00:00+00:00,122.1,124.55,122.02,123.52,4087143.0,41699.0,123.518439
AXP,2020-12-09 05:00:00+00:00,123.28,123.96,121.0065,121.69,4470903.0,39126.0,121.915072
AXP,2020-12-10 05:00:00+00:00,120.72,122.13,119.7,121.84,3451972.0,34333.0,121.590112
AXP,2020-12-11 05:00:00+00:00,120.11,120.5,118.84,120.23,3416858.0,37502.0,119.94182
AXP,2020-12-14 05:00:00+00:00,121.665,121.79,116.65,117.36,6019307.0,62294.0,117.77547
AXP,2020-12-15 05:00:00+00:00,118.79,119.31,115.56,119.1,5168741.0,51334.0,118.098964
AXP,2020-12-16 05:00:00+00:00,118.93,119.59,118.28,119.0,3360544.0,32882.0,119.014995
AXP,2020-12-17 05:00:00+00:00,119.41,119.6691,118.46,118.98,4549202.0,30228.0,119.058444
AXP,2020-12-18 05:00:00+00:00,118.59,119.36,116.65,117.51,11362561.0,44320.0,117.696633
AXP,2020-12-21 05:00:00+00:00,115.77,118.0,113.72,116.41,5018443.0,53811.0,115.989447
AXP,2020-12-22 05:00:00+00:00,116.19,116.26,114.38,114.55,4137515.0,36215.0,114.956404
AXP,2020-12-23 05:00:00+00:00,115.78,118.19,115.78,116.95,3070293.0,32699.0,117.209705
AXP,2020-12-24 05:00:00+00:00,116.93,117.44,115.82,117.35,809636.0,10617.0,116.980611
AXP,2020-12-28 05:00:00+00:00,118.05,119.35,117.6,118.36,2296372.0,25874.0,118.578688
AXP,2020-12-29 05:00:00+00:00,119.24,119.35,118.0,118.14,2222515.0,24708.0,118.324723
AXP,2020-12-30 05:00:00+00:00,118.25,119.948,118.15,119.43,2344629.0,24583.0,119.448384
AXP,2020-12-31 05:00:00+00:00,119.71,121.06,119.16,120.91,2164748.0,21157.0,120.644074
AXP,2021-01-04 05:00:00+00:00,121.3,121.8,116.85,118.04,4098560.0,41873.0,118.355694
AXP,2021-01-05 05:00:00+00:00,118.26,119.28,117.1,118.67,2420516.0,28596.0,118.566203
AXP,2021-01-06 05:00:00+00:00,121.0,124.73,120.81,123.04,6654711.0,59275.0,123.203133
AXP,2021-01-07 05:00:00+00:00,124.1,125.6873,117.3501,121.66,9359714.0,83973.0,121.073109
AXP,2021-01-08 05:00:00+00:00,122.07,122.195,119.52,121.78,3363060.0,36558.0,121.240718
AXP,2021-01-11 05:00:00+00:00,120.42,121.41,119.39,121.06,4277422.0,36940.0,120.784977
AXP,2021-01-12 05:00:00+00:00,122.0,122.315,120.7201,121.62,2918809.0,32043.0,121.725772
AXP,2021-01-13 05:00:00+00:00,121.6,123.89,121.16,122.4,3973506.0,40876.0,122.58616
AXP,2021-01-14 05:00:00+00:00,122.65,124.5,122.085,123.78,3923925.0,35815.0,123.720296
AXP,2021-01-15 05:00:00+00:00,122.48,122.86,121.71,122.15,4531487.0,42516.0,122.241915
AXP,2021-01-19 05:00:00+00:00,125.5,128.06,124.24,126.75,6520461.0,63679.0,126.511987
AXP,2021-01-20 05:00:00+00:00,127.19,129.54,127.07,128.94,4526106.0,44008.0,128.448522
AXP,2021-01-21 05:00:00+00:00,128.29,128.89,126.1,127.43,4037479.0,40713.0,127.236999
AXP,2021-01-22 05:00:00+00:00,125.74,127.055,124.88,126.14,3359894.0,36968.0,125.992337
AXP,2021-01-25 05:00:00+00:00,124.24,125.0,120.32,121.15,6839081.0,63907.0,121.514394
AXP,2021-01-26 05:00:00+00:00,118.75,120.29,115.72,116.15,9380185.0,89947.0,117.353467
AXP,2021-01-27 05:00:00+00:00,114.86,116.8,112.0985,114.09,6404361.0,70771.0,114.570346
AXP,2021-01-28 05:00:00+00:00,117.43,120.3799,116.6,118.97,6429409.0,69093.0,119.005229
AXP,2021-01-29 05:00:00+00:00,117.74,118.39,115.81,116.26,5607259.0,54465.0,116.845487
AXP,2021-02-01 05:00:00+00:00,117.7,119.29,117.0,117.03,3810119.0,37217.0,117.507654
AXP,2021-02-02 05:00:00+00:00,118.3,122.42,118.28,120.7,4492060.0,46778.0,121.00628
AXP,2021-02-03 05:00:00+00:00,120.08,120.98,119.5604,120.44,3113684.0,36235.0,120.380713
AXP,2021-02-04 05:00:00+00:00,120.99,125.41,120.8,124.9,4336251.0,44632.0,124.530214
AXP,2021-02-05 05:00:00+00:00,126.62,127.34,125.63,126.28,3494483.0,42914.0,126.371958
AXP,2021-02-08 05:00:00+00:00,126.87,128.4,126.745,127.99,3791182.0,37101.0,127.801508
AXP,2021-02-09 05:00:00+00:00,127.65,127.66,126.2,126.68,2516891.0,25072.0,126.699843
AXP,2021-02-10 05:00:00+00:00,127.63,128.7,126.84,128.23,3368757.0,32680.0,128.105132
AXP,2021-02-11 05:00:00+00:00,127.45,129.12,126.98,128.31,4446654.0,34806.0,128.150764
AXP,2021-02-12 05:00:00+00:00,128.19,130.46,128.0,129.62,3161304.0,33460.0,129.751382
AXP,2021-02-16 05:00:00+00:00,128.91,130.91,128.25,130.68,3091656.0,32224.0,130.111216
AXP,2021-02-17 05:00:00+00:00,130.08,131.16,128.44,128.56,3539015.0,40351.0,129.110649
AXP,2021-02-18 05:00:00+00:00,127.49,128.83,126.075,128.49,2527310.0,31543.0,127.713392
AXP,2021-02-19 05:00:00+00:00,129.49,133.36,129.49,131.71,3748388.0,41171.0,132.033565
AXP,2021-02-22 05:00:00+00:00,131.51,136.47,131.37,135.95,4319207.0,41870.0,135.479461
AXP,2021-02-23 05:00:00+00:00,136.47,138.31,134.28,136.94,5128541.0,56075.0,136.62678
AXP,2021-02-24 05:00:00+00:00,137.2,140.95,136.81,139.89,4484312.0,47591.0,139.601736
AXP,2021-02-25 05:00:00+00:00,140.62,140.64,136.37,137.08,3892186.0,46731.0,137.73919
AXP,2021-02-26 05:00:00+00:00,137.1,138.25,133.79,135.26,4333879.0,41835.0,135.569249
AXP,2021-03-01 05:00:00+00:00,138.18,139.77,138.12,138.71,3297166.0,39110.0,138.852496
AXP,2021-03-02 05:00:00+00:00,138.24,140.19,138.08,139.25,3629572.0,27297.0,139.304795
AXP,2021-03-03 05:00:00+00:00,140.0,144.25,140.0,142.59,4767773.0,55216.0,142.974031
AXP,2021-03-04 05:00:00+00:00,142.15,144.11,139.95,142.68,4774384.0,61237.0,142.168243
AXP,2021-03-05 05:00:00+00:00,144.66,147.96,142.08,147.33,5467205.0,65756.0,145.5441
AXP,2021-03-08 05:00:00+00:00,147.02,151.46,146.72,150.27,4604324.0,54618.0,149.714492
AXP,2021-03-09 05:00:00+00:00,148.58,149.08,144.11,145.1,6225713.0,63796.0,145.657771
AXP,2021-03-10 05:00:00+00:00,145.7,148.29,145.4401,146.75,3294154.0,41599.0,146.536718
AXP,2021-03-11 05:00:00+00:00,146.0,147.82,145.13,147.75,3465863.0,41568.0,147.246457
AXP,2021-03-12 05:00:00+00:00,149.1,150.64,148.02,148.54,2636743.0,30673.0,148.835444
AXP,2021-03-15 04:00:00+00:00,148.04,148.92,146.03,146.99,2885085.0,37001.0,146.764321
AXP,2021-03-16 04:00:00+00:00,147.25,147.265,142.82,143.3,4352087.0,52675.0,143.540735
AXP,2021-03-17 04:00:00+00:00,144.76,144.82,141.9,144.68,3642606.0,47097.0,143.794157
AXP,2021-03-18 04:00:00+00:00,145.49,145.5,142.07,142.58,3488518.0,43858.0,143.379542
AXP,2021-03-19 04:00:00+00:00,141.9,141.94,139.7358,140.71,6991249.0,39084.0,140.893129
AXP,2021-03-22 04:00:00+00:00,139.49,140.99,138.81,139.95,2567847.0,27563.0,140.078246
AXP,2021-03-23 04:00:00+00:00,138.94,139.5,135.125,136.08,5191315.0,52116.0,136.730706
AXP,2021-03-24 04:00:00+00:00,137.97,140.04,137.6142,138.42,3034309.0,38966.0,138.943105
AXP,2021-03-25 04:00:00+00:00,137.95,142.53,136.76,142.28,3053251.0,41687.0,140.974633
AXP,2021-03-26 04:00:00+00:00,143.74,143.98,141.0506,143.73,3202528.0,34314.0,143.030336
AXP,2021-03-29 04:00:00+00:00,141.98,143.07,140.31,142.37,2565031.0,28238.0,142.122554
AXP,2021-03-30 04:00:00+00:00,142.9,144.48,142.61,143.49,2388807.0,27103.0,143.536064
AXP,2021-03-31 04:00:00+00:00,142.98,143.26,141.35,141.44,3602352.0,31284.0,141.704877
AXP,2021-04-01 04:00:00+00:00,142.34,144.63,142.205,144.57,2917180.0,40802.0,144.002232
AXP,2021-04-05 04:00:00+00:00,146.91,147.48,145.61,146.06,3655590.0,30008.0,146.169627
AXP,2021-04-06 04:00:00+00:00,145.98,146.53,144.38,146.15,3396434.0,30673.0,145.988203
AXP,2021-04-07 04:00:00+00:00,147.42,148.36,145.72,147.13,2769141.0,23865.0,147.072794
AXP,2021-04-08 04:00:00+00:00,146.8,147.16,144.68,147.04,2624806.0,30344.0,146.469439
AXP,2021-04-09 04:00:00+00:00,148.21,148.44,146.69,147.78,2045665.0,25096.0,147.609122
AXP,2021-04-12 04:00:00+00:00,147.26,147.77,146.41,147.57,2074787.0,28302.0,147.275537
AXP,2021-04-13 04:00:00+00:00,146.55,146.605,143.84,145.99,2403252.0,29000.0,145.772818
AXP,2021-04-14 04:00:00+00:00,145.81,148.75,145.7,147.42,2445146.0,31259.0,147.606777
AXP,2021-04-15 04:00:00+00:00,147.51,148.59,145.5,148.53,3203069.0,37472.0,147.811543
AXP,2021-04-16 04:00:00+00:00,149.71,150.45,148.69,149.99,3945557.0,35396.0,149.82121
AXP,2021-04-19 04:00:00+00:00,149.19,149.19,148.54,148.54,275364.0,3.0,148.641895
AXP,2021-04-20 04:00:00+00:00,147.21,147.5,144.51,145.1,2797181.0,34443.0,145.470954
AXP,2021-04-21 04:00:00+00:00,144.0,147.38,143.02,147.18,2518254.0,27497.0,146.743671
AXP,2021-04-22 04:00:00+00:00,147.57,148.92,145.87,147.16,3704531.0,43111.0,147.414089
AXP,2021-04-23 04:00:00+00:00,141.54,144.98,140.68,144.33,6795012.0,78097.0,143.517838
AXP,2021-04-26 04:00:00+00:00,146.8,151.12,145.56,150.34,5187447.0,60581.0,149.850841
AXP,2021-04-27 04:00:00+00:00,150.7,150.88,148.85,150.36,3160564.0,35305.0,150.211721
AXP,2021-04-28 04:00:00+00:00,150.68,153.455,149.44,152.54,2910703.0,37254.0,152.486826
AXP,2021-04-29 04:00:00+00:00,153.85,155.08,152.09,154.63,2985843.0,32166.0,153.982897
AXP,2021-04-30 04:00:00+00:00,153.6,154.04,152.48,153.35,3175327.0,36964.0,153.30339
AXP,2021-05-03 04:00:00+00:00,154.59,156.05,154.01,154.8,2984280.0,38511.0,155.098673
AXP,2021-05-04 04:00:00+00:00,154.48,155.74,152.8401,154.53,3430998.0,37926.0,154.436338
AXP,2021-05-05 04:00:00+00:00,154.87,156.73,154.32,156.39,3270873.0,39577.0,155.903683
AXP,2021-05-06 04:00:00+00:00,156.86,157.505,154.02,156.88,3244510.0,35662.0,156.136172
AXP,2021-05-07 04:00:00+00:00,155.61,159.26,155.34,158.98,3043780.0,38920.0,158.534102
AXP,2021-05-10 04:00:00+00:00,159.75,160.69,158.5,158.68,3297557.0,49386.0,159.475608
AXP,2021-05-11 04:00:00+00:00,156.46,157.79,153.65,154.43,4155657.0,59609.0,154.756311
AXP,2021-05-12 04:00:00+00:00,154.72,155.9,152.07,152.3,3934081.0,46538.0,153.052052
AXP,2021-05-13 04:00:00+00:00,152.41,154.81,151.81,154.08,2545003.0,36575.0,154.02467
AXP,2021-05-14 04:00:00+00:00,155.39,157.935,154.53,157.15,2112877.0,34938.0,156.930036
AXP,2021-05-17 04:00:00+00:00,157.05,157.3751,155.88,156.86,2380025.0,32703.0,156.678397
AXP,2021-05-18 04:00:00+00:00,157.36,158.3,154.86,154.99,3698807.0,40175.0,156.349175
AXP,2021-05-19 04:00:00+00:00,152.07,154.775,151.72,154.73,5797083.0,64186.0,153.798992
AXP,2021-05-20 04:00:00+00:00,155.47,156.251,153.93,155.53,4991749.0,52530.0,155.31887
AXP,2021-05-21 04:00:00+00:00,156.7,158.81,156.3459,156.87,5682596.0,49716.0,157.244824
AXP,2021-05-24 04:00:00+00:00,157.7,158.905,156.95,158.64,3109401.0,32544.0,158.470845
AXP,2021-05-25 04:00:00+00:00,159.07,160.08,157.74,158.01,3875274.0,40642.0,158.776532
AXP,2021-05-26 04:00:00+00:00,158.16,159.38,157.37,158.58,6406620.0,45833.0,158.402969
AXP,2021-05-27 04:00:00+00:00,159.98,160.29,158.85,159.74,4390036.0,44956.0,159.661034
AXP,2021-05-28 04:00:00+00:00,160.26,160.635,158.86,160.13,3967461.0,43362.0,160.092712
AXP,2021-06-01 04:00:00+00:00,162.51,164.11,161.55,163.76,6192780.0,67035.0,163.284112
AXP,2021-06-02 04:00:00+00:00,164.61,165.69,163.32,164.12,5462123.0,54766.0,164.402116
AXP,2021-06-03 04:00:00+00:00,163.68,165.42,162.82,164.52,4045196.0,45552.0,164.517052
AXP,2021-06-04 04:00:00+00:00,165.0,165.73,163.32,165.0,5273751.0,53004.0,164.687871
AXP,2021-06-07 04:00:00+00:00,165.63,166.65,165.37,165.92,4173166.0,44263.0,165.94432
AXP,2021-06-08 04:00:00+00:00,164.8599,167.14,163.63,166.51,3868250.0,49070.0,166.033973
AXP,2021-06-09 04:00:00+00:00,165.27,166.14,163.8,164.09,4462800.0,46212.0,164.501051
AXP,2021-06-10 04:00:00+00:00,165.18,165.21,162.12,162.23,4840783.0,46751.0,162.771639
AXP,2021-06-11 04:00:00+00:00,163.0,164.54,162.51,164.51,2568077.0,30789.0,163.797357
AXP,2021-06-14 04:00:00+00:00,164.3,164.88,163.11,163.81,2480711.0,28849.0,163.816926
AXP,2021-06-15 04:00:00+00:00,163.93,166.9,163.8,166.27,4084572.0,46961.0,166.028956
AXP,2021-06-16 04:00:00+00:00,165.78,166.65,164.27,164.68,3920769.0,43112.0,165.148922
AXP,2021-06-17 04:00:00+00:00,165.97,165.9971,160.53,162.13,4587907.0,55444.0,162.257207
AXP,2021-06-18 04:00:00+00:00,158.7,159.67,157.25,158.17,9119391.0,60470.0,158.462552
AXP,2021-06-21 04:00:00+00:00,160.08,165.21,159.13,164.9,4165767.0,54352.0,163.758601
AXP,2021-06-22 04:00:00+00:00,163.42,165.24,162.46,164.5,3094011.0,32632.0,164.226616
AXP,2021-06-23 04:00:00+00:00,165.03,166.86,164.79,166.02,2633065.0,31835.0,166.168715
AXP,2021-06-24 04:00:00+00:00,167.055,168.58,166.41,168.21,2860784.0,29431.0,167.985076
AXP,2021-06-25 04:00:00+00:00,168.45,170.41,168.45,169.45,11649447.0,44969.0,169.469069
AXP,2021-06-28 04:00:00+00:00,168.62,168.845,163.2,164.78,3763899.0,54634.0,165.187012
AXP,2021-06-29 04:00:00+00:00,165.57,166.32,163.23,164.25,3047227.0,43914.0,164.388253
AXP,2021-06-30 04:00:00+00:00,163.7,166.16,163.7,165.23,2828074.0,33411.0,165.24367
AXP,2021-07-01 04:00:00+00:00,165.65,167.37,164.69,166.94,3034016.0,34731.0,166.624647
AXP,2021-07-02 04:00:00+00:00,167.7,168.98,167.01,168.5,2523187.0,28028.0,168.44691
AXP,2021-07-06 04:00:00+00:00,172.54,172.54,167.8,169.56,5188276.0,61051.0,169.635675
AXP,2021-07-07 04:00:00+00:00,169.6,174.76,169.38,170.98,4434092.0,56980.0,170.716255
AXP,2021-07-08 04:00:00+00:00,166.95,170.04,165.59,167.5,5361661.0,60129.0,167.625809
AXP,2021-07-09 04:00:00+00:00,170.0,172.31,169.21,171.94,3558085.0,41736.0,171.630372
AXP,2021-07-12 04:00:00+00:00,170.07,174.1,169.8801,173.6,3767350.0,40387.0,173.306646
AXP,2021-07-13 04:00:00+00:00,174.0,174.74,172.42,172.62,2935506.0,39931.0,173.095573
AXP,2021-07-14 04:00:00+00:00,172.86,174.55,171.01,172.52,3422780.0,49143.0,172.556411
AXP,2021-07-15 04:00:00+00:00,171.14,173.26,171.1,172.85,3786912.0,47882.0,172.353398
AXP,2021-07-16 04:00:00+00:00,173.74,173.79,169.54,170.01,4776551.0,59328.0,170.718937
AXP,2021-07-19 04:00:00+00:00,165.65,166.38,161.48,162.81,7480368.0,93284.0,163.079783
AXP,2021-07-20 04:00:00+00:00,162.94,169.58,162.57,168.87,4662435.0,60836.0,168.214894
AXP,2021-07-21 04:00:00+00:00,170.74,173.62,169.74,172.51,3639643.0,46464.0,172.369297
AXP,2021-07-22 04:00:00+00:00,172.25,173.209,169.05,170.9,3529854.0,46464.0,170.879363
AXP,2021-07-23 04:00:00+00:00,176.53,179.67,172.95,173.18,6563097.0,79479.0,175.321435
AXP,2021-07-26 04:00:00+00:00,173.25,175.43,172.3,172.61,3646096.0,39815.0,172.961068
AXP,2021-07-27 04:00:00+00:00,170.46,175.12,169.96,172.94,8138279.0,62879.0,173.220339
AXP,2021-07-28 04:00:00+00:00,173.0,173.45,169.71,170.02,8305943.0,69154.0,170.503398
AXP,2021-07-29 04:00:00+00:00,171.39,173.815,171.0,171.95,3376222.0,46219.0,172.478699
AXP,2021-07-30 04:00:00+00:00,172.32,173.24,169.815,170.53,3859433.0,46884.0,170.826294
AXP,2021-08-02 04:00:00+00:00,171.14,173.36,168.76,169.27,3080000.0,45600.0,170.161273
AXP,2021-08-03 04:00:00+00:00,169.75,170.29,165.3,169.04,3841491.0,52017.0,168.111383
AXP,2021-08-04 04:00:00+00:00,168.3,170.4399,167.32,168.06,3892302.0,48054.0,168.602135
AXP,2021-08-05 04:00:00+00:00,168.66,170.53,168.3201,169.63,2937180.0,34598.0,169.519931
AXP,2021-08-06 04:00:00+00:00,170.53,172.85,169.74,171.36,3073486.0,39710.0,171.539044
AXP,2021-08-09 04:00:00+00:00,170.35,171.12,168.79,170.78,2986153.0,39426.0,170.475694
AXP,2021-08-10 04:00:00+00:00,170.73,171.7,168.675,169.49,3624712.0,51057.0,169.809893
AXP,2021-08-11 04:00:00+00:00,169.46,170.73,168.67,170.67,4117700.0,40462.0,170.031781
AXP,2021-08-12 04:00:00+00:00,170.02,170.11,167.97,168.52,3655964.0,49320.0,168.510961
AXP,2021-08-13 04:00:00+00:00,168.09,168.3,165.61,166.08,4461199.0,53827.0,166.212094
AXP,2021-08-16 04:00:00+00:00,164.77,165.895,162.63,165.75,4241601.0,52181.0,164.967205
AXP,2021-08-17 04:00:00+00:00,164.76,166.35,163.35,164.65,8013097.0,44511.0,164.782941
AXP,2021-08-18 04:00:00+00:00,163.83,165.14,162.06,162.13,4404396.0,39299.0,162.862325
AXP,2021-08-19 04:00:00+00:00,160.16,161.0886,157.33,159.03,4535405.0,60359.0,158.84587
AXP,2021-08-20 04:00:00+00:00,158.85,159.99,158.06,159.75,3387798.0,40240.0,159.295062
AXP,2021-08-23 04:00:00+00:00,161.23,161.85,160.11,160.45,2253083.0,29586.0,160.679897
AXP,2021-08-24 04:00:00+00:00,160.6,161.9,160.19,161.2,2658755.0,36479.0,161.242737
AXP,2021-08-25 04:00:00+00:00,161.88,167.23,160.5,166.18,3887527.0,55365.0,165.681399
AXP,2021-08-26 04:00:00+00:00,165.97,166.5,164.38,165.51,3693656.0,42790.0,165.509227
AXP,2021-08-27 04:00:00+00:00,165.35,168.89,165.16,168.65,3317266.0,44182.0,168.227107
AXP,2021-08-30 04:00:00+00:00,168.16,168.3,164.21,164.26,2828618.0,44892.0,164.948913
AXP,2021-08-31 04:00:00+00:00,164.1,166.43,163.7181,165.96,4307815.0,42597.0,165.725481
AXP,2021-09-01 04:00:00+00:00,166.34,167.275,164.13,164.44,2811574.0,45248.0,165.076116
AXP,2021-09-02 04:00:00+00:00,165.05,165.08,161.14,162.05,4838116.0,62444.0,162.163581
AXP,2021-09-03 04:00:00+00:00,160.75,161.282,158.165,159.3,4485508.0,59526.0,159.214102
AXP,2021-09-07 04:00:00+00:00,158.87,160.66,158.57,159.72,4426267.0,53833.0,159.852619
AXP,2021-09-08 04:00:00+00:00,159.19,159.26,156.8,158.93,3316106.0,46875.0,158.496098
AXP,2021-09-09 04:00:00+00:00,158.78,162.15,158.54,159.39,3528967.0,51698.0,160.249255
AXP,2021-09-10 04:00:00+00:00,161.17,161.46,158.39,158.72,3190874.0,43575.0,159.634211
AXP,2021-09-13 04:00:00+00:00,160.64,161.8,159.75,161.45,3480709.0,44043.0,161.045865
AXP,2021-09-14 04:00:00+00:00,162.68,165.83,158.78,159.48,4636734.0,59714.0,160.691879
AXP,2021-09-15 04:00:00+00:00,160.02,162.31,159.21,161.34,3406232.0,41216.0,161.221539
AXP,2021-09-16 04:00:00+00:00,163.1,164.5,162.2,162.63,3233286.0,40741.0,162.914004
AXP,2021-09-17 04:00:00+00:00,161.57,164.25,161.57,163.92,8387404.0,49129.0,163.50057
AXP,2021-09-20 04:00:00+00:00,159.36,162.14,157.95,160.57,7096583.0,67194.0,160.031322
AXP,2021-09-21 04:00:00+00:00,161.91,165.35,161.69,163.27,3802085.0,45530.0,163.665016
AXP,2021-09-22 04:00:00+00:00,165.62,168.62,164.9,167.49,3974670.0,48568.0,167.28439
AXP,2021-09-23 04:00:00+00:00,169.49,174.1,169.31,173.36,4764097.0,49267.0,172.430785
AXP,2021-09-24 04:00:00+00:00,173.37,176.0,173.3,175.72,3003093.0,39938.0,175.244387
AXP,2021-09-27 04:00:00+00:00,177.67,178.8,176.33,176.77,4091829.0,50589.0,177.171739
AXP,2021-09-28 04:00:00+00:00,175.49,177.24,172.685,173.14,4156004.0,56453.0,174.134673
AXP,2021-09-29 04:00:00+00:00,172.89,172.98,170.4,171.54,2963190.0,37119.0,171.563718
AXP,2021-09-30 04:00:00+00:00,172.18,172.36,167.41,167.53,3673398.0,41921.0,168.639877
AXP,2021-10-01 04:00:00+00:00,168.5,175.12,168.48,173.94,4369979.0,48503.0,172.994631
AXP,2021-10-04 04:00:00+00:00,173.88,177.23,171.88,172.66,4125803.0,44319.0,173.558543
AXP,2021-10-05 04:00:00+00:00,173.43,176.06,172.64,174.76,2992075.0,35391.0,175.02142
AXP,2021-10-06 04:00:00+00:00,172.55,174.9,169.9,173.4,3237195.0,42711.0,172.386151
AXP,2021-10-07 04:00:00+00:00,175.5,176.8681,173.7,174.29,4242604.0,37104.0,174.761484
AXP,2021-10-08 04:00:00+00:00,173.85,176.98,173.53,175.15,2680839.0,31565.0,175.573631
AXP,2021-10-11 04:00:00+00:00,175.79,176.79,173.33,173.46,2670423.0,32907.0,174.725112
AXP,2021-10-12 04:00:00+00:00,173.61,176.56,173.1,174.91,3483545.0,33324.0,175.002356
AXP,2021-10-13 04:00:00+00:00,172.78,174.0861,167.08,168.72,5902804.0,73043.0,168.993022
AXP,2021-10-14 04:00:00+00:00,171.0,172.38,169.81,171.51,3355957.0,38727.0,171.305522
AXP,2021-10-15 04:00:00+00:00,173.77,177.77,173.15,175.81,3527067.0,37830.0,175.858643
AXP,2021-10-18 04:00:00+00:00,175.58,177.605,174.33,176.82,2904190.0,24947.0,176.402844
AXP,2021-10-19 04:00:00+00:00,177.73,178.0,176.26,177.31,1575733.0,24596.0,177.114025
AXP,2021-10-20 04:00:00+00:00,176.95,179.77,176.21,179.6,2691724.0,36218.0,178.818066
AXP,2021-10-21 04:00:00+00:00,179.58,179.79,176.01,177.47,3632332.0,49039.0,177.28061
AXP,2021-10-22 04:00:00+00:00,185.0,189.03,182.2,187.08,6556492.0,79953.0,186.419755
AXP,2021-10-25 04:00:00+00:00,182.31,182.31,182.31,182.31,371054.0,34.0,182.31
AXP,2021-10-26 04:00:00+00:00,183.42,183.5,177.52,180.95,4171468.0,54911.0,180.698027
AXP,2021-10-27 04:00:00+00:00,180.1,183.73,177.91,178.03,3563591.0,48806.0,179.575632
AXP,2021-10-28 04:00:00+00:00,178.4,179.2271,173.02,174.61,5225557.0,65630.0,174.728932
AXP,2021-10-29 04:00:00+00:00,175.63,176.67,173.04,173.78,4024689.0,41604.0,174.295135
AXP,2021-11-01 04:00:00+00:00,174.58,176.07,173.34,174.21,2651363.0,31924.0,174.390025
AXP,2021-11-02 04:00:00+00:00,175.0,175.2,172.57,173.17,3571797.0,45057.0,173.294519
AXP,2021-11-03 04:00:00+00:00,172.7,173.83,171.75,172.61,4276743.0,47070.0,172.667003
AXP,2021-11-04 04:00:00+00:00,172.13,174.02,171.66,172.53,3630852.0,42783.0,172.661319
AXP,2021-11-05 04:00:00+00:00,176.18,177.79,175.35,176.69,4292915.0,53569.0,176.67177
AXP,2021-11-08 05:00:00+00:00,178.07,182.09,177.79,180.05,3857941.0,46276.0,180.044371
AXP,2021-11-09 05:00:00+00:00,179.76,181.19,178.43,179.86,3774825.0,40383.0,179.757923
AXP,2021-11-10 05:00:00+00:00,179.36,183.48,179.36,181.39,3619543.0,49591.0,181.900061
AXP,2021-11-11 05:00:00+00:00,181.99,182.73,180.74,181.3,2345573.0,33519.0,181.499715
AXP,2021-11-12 05:00:00+00:00,180.71,182.38,179.65,181.89,2821344.0,32595.0,181.650812
AXP,2021-11-15 05:00:00+00:00,182.53,183.93,182.04,183.13,1959347.0,30443.0,183.086789
AXP,2021-11-16 05:00:00+00:00,183.4,183.4,179.74,180.92,3689590.0,41332.0,181.333979
AXP,2021-11-17 05:00:00+00:00,181.18,181.74,178.2,179.61,3831445.0,45499.0,179.650017
AXP,2021-11-18 05:00:00+00:00,180.0,180.37,175.84,176.21,4454030.0,51429.0,176.73701
AXP,2021-11-19 05:00:00+00:00,173.73,175.265,171.84,173.54,4970569.0,54544.0,173.303106
AXP,2021-11-22 05:00:00+00:00,174.99,175.25,170.89,170.9,5070050.0,54776.0,171.716518
AXP,2021-11-23 05:00:00+00:00,171.3,171.95,167.83,170.85,6455915.0,68065.0,170.044096
AXP,2021-11-24 05:00:00+00:00,168.48,171.98,167.9,171.61,3940815.0,38704.0,170.781542
AXP,2021-11-26 05:00:00+00:00,165.09,165.24,154.495,156.82,7203527.0,97296.0,157.548711
AXP,2021-11-29 05:00:00+00:00,160.75,161.41,154.3401,157.86,6839724.0,88083.0,157.651709
AXP,2021-11-30 05:00:00+00:00,155.09,155.87,151.7,152.3,8933224.0,83506.0,152.849456
AXP,2021-12-01 05:00:00+00:00,156.1,157.07,149.89,150.06,6748973.0,81058.0,153.26697
AXP,2021-12-02 05:00:00+00:00,151.68,157.91,151.46,156.77,6784310.0,73798.0,156.122052
AXP,2021-12-03 05:00:00+00:00,158.08,158.33,153.63,155.94,4398013.0,62936.0,155.529157
AXP,2021-12-06 05:00:00+00:00,159.07,162.74,158.05,160.68,4648708.0,61248.0,160.700852
AXP,2021-12-07 05:00:00+00:00,164.5,169.16,164.16,166.95,5703053.0,70909.0,167.128728
AXP,2021-12-08 05:00:00+00:00,167.98,170.54,167.28,168.93,4524277.0,51888.0,169.259403
AXP,2021-12-09 05:00:00+00:00,167.85,168.8299,166.55,168.02,2493498.0,37358.0,168.033713
AXP,2021-12-10 05:00:00+00:00,169.38,170.58,165.96,167.03,3136240.0,41133.0,167.223049
AXP,2021-12-13 05:00:00+00:00,166.4,166.4,161.9937,163.3,3908847.0,53749.0,163.49509
AXP,2021-12-14 05:00:00+00:00,162.14,165.26,161.06,162.85,3425308.0,42483.0,163.114999
AXP,2021-12-15 05:00:00+00:00,162.71,163.05,158.53,162.24,5521969.0,65799.0,161.456561
AXP,2021-12-16 05:00:00+00:00,164.0,165.18,161.9,163.0,6018553.0,56419.0,163.013987
AXP,2021-12-17 05:00:00+00:00,161.0,161.315,156.95,160.01,13852674.0,61918.0,160.064956
AXP,2021-12-20 05:00:00+00:00,157.0,158.21,153.78,155.89,4459734.0,54499.0,155.414675
AXP,2021-12-21 05:00:00+00:00,157.75,161.05,157.5201,160.91,4540626.0,43417.0,160.562984
AXP,2021-12-22 05:00:00+00:00,160.53,163.17,160.45,162.47,3434223.0,29269.0,162.120133
AXP,2021-12-23 05:00:00+00:00,163.86,166.3963,163.59,164.19,3377042.0,31208.0,164.523647
AXP,2021-12-27 05:00:00+00:00,165.0,165.0,162.5301,164.39,1917500.0,26115.0,164.287447
AXP,2021-12-28 05:00:00+00:00,163.6,166.13,163.6,164.41,2215753.0,26522.0,164.600711
AXP,2021-12-29 05:00:00+00:00,164.62,164.93,163.26,163.83,2453632.0,30045.0,163.987058
AXP,2021-12-30 05:00:00+00:00,164.62,165.8,164.0,164.16,1806494.0,26147.0,164.683758
AXP,2021-12-31 05:00:00+00:00,164.1,165.17,163.25,163.6,2123447.0,25524.0,163.700477
AXP,2022-01-03 05:00:00+00:00,164.51,168.4,164.4,168.21,3598839.0,45237.0,167.619235
AXP,2022-01-04 05:00:00+00:00,169.72,174.05,169.6,173.61,5262270.0,60551.0,173.197289
AXP,2022-01-05 05:00:00+00:00,174.71,176.31,171.5,171.76,4903792.0,58310.0,173.678046
AXP,2022-01-06 05:00:00+00:00,172.54,173.69,169.75,172.9,3003038.0,41880.0,172.42158
AXP,2022-01-07 05:00:00+00:00,172.49,175.36,171.8601,174.38,3547531.0,37869.0,174.241022
AXP,2022-01-10 05:00:00+00:00,176.21,176.21,170.5,173.74,5237832.0,46678.0,173.177462
AXP,2022-01-11 05:00:00+00:00,174.54,175.72,172.49,175.38,3212969.0,36447.0,174.853317
AXP,2022-01-12 05:00:00+00:00,176.23,176.82,174.17,174.47,3609139.0,41102.0,174.972117
AXP,2022-01-13 05:00:00+00:00,174.92,176.375,172.85,173.29,4175448.0,50437.0,174.426056
AXP,2022-01-14 05:00:00+00:00,168.71,168.71,164.71,168.4,7132894.0,88901.0,167.33957
AXP,2022-01-18 05:00:00+00:00,167.91,168.94,164.84,166.17,5390690.0,52543.0,166.227733
AXP,2022-01-19 05:00:00+00:00,166.73,166.73,161.17,161.39,3989770.0,59687.0,162.40695
AXP,2022-01-20 05:00:00+00:00,161.12,164.57,159.462,160.92,4752242.0,50012.0,161.791392
AXP,2022-01-21 05:00:00+00:00,159.95,161.8799,157.68,158.74,4543115.0,52952.0,159.38583
AXP,2022-01-24 05:00:00+00:00,155.82,158.93,153.73,158.93,2321725.0,22706.0,156.813714
AXP,2022-01-25 05:00:00+00:00,166.14,174.4696,159.66,173.11,14245354.0,158082.0,170.391014
AXP,2022-01-26 05:00:00+00:00,176.95,179.2247,173.03,175.32,8661919.0,104265.0,175.938938
AXP,2022-01-27 05:00:00+00:00,176.7,178.2,170.63,171.9,4061219.0,61213.0,173.29747
AXP,2022-01-28 05:00:00+00:00,171.76,177.21,169.77,177.06,4737280.0,61367.0,174.579738
AXP,2022-01-31 05:00:00+00:00,175.91,180.13,175.22,179.82,6356775.0,66186.0,178.317745
AXP,2022-02-01 05:00:00+00:00,179.92,184.04,179.0,183.54,3909617.0,50604.0,182.669362
AXP,2022-02-02 05:00:00+00:00,182.51,184.58,181.64,184.16,3189390.0,41320.0,183.341357
AXP,2022-02-03 05:00:00+00:00,184.8,185.8,182.3201,184.04,3790367.0,49004.0,184.35713
AXP,2022-02-04 05:00:00+00:00,184.91,188.68,184.18,185.85,4615599.0,60458.0,186.460375
AXP,2022-02-07 05:00:00+00:00,185.63,188.91,184.75,187.87,3532046.0,44412.0,187.263795
AXP,2022-02-08 05:00:00+00:00,188.08,194.53,187.61,194.0,5533339.0,65816.0,192.224626
AXP,2022-02-09 05:00:00+00:00,194.3,198.72,194.3,196.4,5222163.0,75043.0,196.728915
AXP,2022-02-10 05:00:00+00:00,196.36,198.23,194.61,195.51,4986548.0,57200.0,196.302925
AXP,2022-02-11 05:00:00+00:00,195.43,197.2,190.45,191.81,5300399.0,65057.0,193.130864
AXP,2022-02-14 05:00:00+00:00,192.26,194.15,190.92,192.35,4214038.0,54332.0,192.264158
AXP,2022-02-15 05:00:00+00:00,194.65,198.36,194.18,197.98,4616901.0,59971.0,197.458732
AXP,2022-02-16 05:00:00+00:00,197.5,199.55,197.24,198.38,4453286.0,66236.0,198.586864
AXP,2022-02-17 05:00:00+00:00,195.63,197.38,194.27,195.71,3623974.0,48998.0,195.608005
AXP,2022-02-18 05:00:00+00:00,194.92,197.75,194.2,194.88,3227095.0,44103.0,195.219603
AXP,2022-02-22 05:00:00+00:00,195.18,196.15,191.75,192.44,3899398.0,54576.0,193.576165
AXP,2022-02-23 05:00:00+00:00,194.35,194.45,188.55,188.95,3967151.0,62109.0,190.352851
AXP,2022-02-24 05:00:00+00:00,180.47,188.5,179.05,188.35,7321438.0,89811.0,184.667265
AXP,2022-02-25 05:00:00+00:00,189.66,194.25,189.46,193.71,5927800.0,84068.0,192.513484
AXP,2022-02-28 05:00:00+00:00,189.63,195.13,189.23,194.54,7111006.0,69342.0,193.790145
AXP,2022-03-01 05:00:00+00:00,194.67,194.77,176.77,178.06,9515831.0,120442.0,181.156299
AXP,2022-03-02 05:00:00+00:00,179.79,182.24,178.1,180.31,4569920.0,64598.0,180.251141
AXP,2022-03-03 05:00:00+00:00,182.11,183.45,178.73,179.89,3714044.0,60273.0,180.305118
AXP,2022-03-04 05:00:00+00:00,176.62,176.83,170.8205,172.95,5840246.0,83049.0,172.700739
AXP,2022-03-07 05:00:00+00:00,170.13,170.755,159.08,159.13,8433664.0,118599.0,162.400572
AXP,2022-03-08 05:00:00+00:00,160.52,160.52,160.05,160.05,410012.0,101.0,160.134743
AXP,2022-03-09 05:00:00+00:00,168.02,170.73,166.71,168.65,5474333.0,75442.0,168.775925
AXP,2022-03-10 05:00:00+00:00,165.59,170.96,164.83,169.6,4238520.0,67931.0,168.753251
AXP,2022-03-11 05:00:00+00:00,171.75,172.31,167.63,167.9,3366117.0,51060.0,169.141365
AXP,2022-03-14 04:00:00+00:00,171.33,174.71,169.71,172.79,5168654.0,67701.0,172.856462
AXP,2022-03-15 04:00:00+00:00,173.59,178.295,173.37,176.04,4327622.0,62368.0,175.809628
AXP,2022-03-16 04:00:00+00:00,179.18,182.76,176.3,180.61,5818025.0,86493.0,179.90551
AXP,2022-03-17 04:00:00+00:00,180.18,187.71,180.06,186.97,6945470.0,98132.0,185.617003
AXP,2022-03-18 04:00:00+00:00,188.69,191.0,184.84,190.72,12611634.0,77629.0,189.906281
AXP,2022-03-21 04:00:00+00:00,190.77,191.5,187.56,189.09,3580612.0,50947.0,189.55154
AXP,2022-03-22 04:00:00+00:00,190.5,194.35,190.06,191.33,3341556.0,54269.0,191.63241
AXP,2022-03-23 04:00:00+00:00,188.83,189.62,185.18,186.02,4082557.0,60257.0,186.871563
AXP,2022-03-24 04:00:00+00:00,186.61,189.37,185.7,188.89,2770193.0,41712.0,188.257768
AXP,2022-03-25 04:00:00+00:00,190.41,191.26,189.0,190.28,2130500.0,34741.0,190.077052
AXP,2022-03-28 04:00:00+00:00,189.95,189.95,186.29,189.7,3498574.0,44894.0,188.718795
AXP,2022-03-29 04:00:00+00:00,192.33,194.0,190.36,190.94,3037745.0,51523.0,191.277041
AXP,2022-03-30 04:00:00+00:00,191.39,192.1,188.4,189.76,2977868.0,41164.0,189.774055
AXP,2022-03-31 04:00:00+00:00,189.53,191.1087,186.94,187.0,4559792.0,49143.0,188.193447
AXP,2022-04-01 04:00:00+00:00,188.2,189.4158,186.28,187.17,3019958.0,43632.0,187.460316
AXP,2022-04-04 04:00:00+00:00,187.62,188.5,185.59,187.66,3229470.0,42697.0,187.303366
AXP,2022-04-05 04:00:00+00:00,187.49,190.84,184.8,185.4,3446863.0,49072.0,186.535529
AXP,2022-04-06 04:00:00+00:00,184.49,184.87,181.73,183.71,3441180.0,57525.0,183.434927
AXP,2022-04-07 04:00:00+00:00,181.52,183.265,179.11,182.39,4390506.0,60649.0,181.26808
AXP,2022-04-08 04:00:00+00:00,183.0,186.72,181.93,183.7,3394694.0,42691.0,184.020539
AXP,2022-04-11 04:00:00+00:00,181.06,182.44,177.25,177.57,5521177.0,69263.0,178.569759
AXP,2022-04-12 04:00:00+00:00,176.57,179.25,174.7101,175.54,4786511.0,68364.0,176.260289
AXP,2022-04-13 04:00:00+00:00,174.23,180.02,174.0,179.59,3272288.0,49894.0,178.47814
AXP,2022-04-14 04:00:00+00:00,179.27,182.47,178.68,181.16,3136056.0,46881.0,181.077865
AXP,2022-04-18 04:00:00+00:00,181.33,185.89,181.0,184.48,2467382.0,43652.0,184.098279
AXP,2022-04-19 04:00:00+00:00,185.01,188.0876,184.71,187.17,3137699.0,40102.0,186.883124
AXP,2022-04-20 04:00:00+00:00,188.33,190.15,187.64,188.46,2516917.0,38005.0,188.678239
AXP,2022-04-21 04:00:00+00:00,190.94,192.42,184.5801,185.74,4370015.0,65704.0,187.549206
AXP,2022-04-22 04:00:00+00:00,185.43,185.55,180.32,180.54,4816109.0,72631.0,182.385528
AXP,2022-04-25 04:00:00+00:00,179.98,184.26,177.99,184.1,4772674.0,62421.0,182.055218
AXP,2022-04-26 04:00:00+00:00,183.25,183.91,178.54,178.65,4204799.0,59822.0,180.272365
AXP,2022-04-27 04:00:00+00:00,177.66,179.41,175.5,177.63,4453548.0,63526.0,177.65272
AXP,2022-04-28 04:00:00+00:00,180.35,183.89,177.61,181.98,2999588.0,45878.0,181.067774
AXP,2022-04-29 04:00:00+00:00,180.09,182.305,174.33,174.71,3922690.0,52267.0,176.346165
AXP,2022-05-02 04:00:00+00:00,174.652,174.88,167.51,171.62,4310167.0,74713.0,170.888308
AXP,2022-05-03 04:00:00+00:00,173.0,174.0,170.325,172.11,3572788.0,50804.0,172.181288
AXP,2022-05-04 04:00:00+00:00,172.22,178.17,171.2,177.82,3301636.0,47346.0,175.535069
AXP,2022-05-05 04:00:00+00:00,176.64,176.76,169.33,171.01,3508961.0,56534.0,171.789129
AXP,2022-05-06 04:00:00+00:00,169.17,169.99,165.01,167.15,3496616.0,56096.0,167.22079
AXP,2022-05-09 04:00:00+00:00,165.03,166.02,160.38,161.02,4860726.0,58803.0,162.053558
AXP,2022-05-10 04:00:00+00:00,163.42,164.73,158.39,161.83,3367229.0,61649.0,161.743264
AXP,2022-05-11 04:00:00+00:00,161.73,164.94,159.04,159.39,3117062.0,45588.0,160.433466
AXP,2022-05-12 04:00:00+00:00,155.6,157.155,149.88,153.27,5781906.0,85467.0,153.290161
AXP,2022-05-13 04:00:00+00:00,155.96,160.09,155.88,158.75,3995757.0,54656.0,158.570951
AXP,2022-05-16 04:00:00+00:00,157.41,158.74,154.32,156.43,3179074.0,51413.0,156.313631
AXP,2022-05-17 04:00:00+00:00,161.07,162.7634,158.4,161.85,3301810.0,52230.0,161.392225
AXP,2022-05-18 04:00:00+00:00,160.79,160.85,155.4,156.1,3109475.0,48913.0,156.944892
AXP,2022-05-19 04:00:00+00:00,153.57,156.46,153.25,154.0,3084958.0,53894.0,154.329413
AXP,2022-05-20 04:00:00+00:00,154.35,154.8,149.71,153.24,3401298.0,57558.0,152.88869
AXP,2022-05-23 04:00:00+00:00,156.61,159.56,156.02,159.04,3019890.0,47358.0,158.549389
AXP,2022-05-24 04:00:00+00:00,157.29,157.97,152.9232,155.63,3176612.0,49765.0,155.050783
AXP,2022-05-25 04:00:00+00:00,157.14,161.76,156.075,160.51,4753477.0,47186.0,159.683124
AXP,2022-05-26 04:00:00+00:00,162.7,166.77,162.7,165.37,2807953.0,44758.0,165.39864
AXP,2022-05-27 04:00:00+00:00,167.08,169.68,166.04,169.6,2483071.0,40964.0,168.747466
AXP,2022-05-31 04:00:00+00:00,167.94,170.78,167.04,168.82,5485106.0,46775.0,168.991565
AXP,2022-06-01 04:00:00+00:00,168.7,169.3688,163.84,165.76,2607408.0,45301.0,166.160772
AXP,2022-06-02 04:00:00+00:00,166.14,169.19,165.93,169.14,1899245.0,35629.0,168.224487
AXP,2022-06-03 04:00:00+00:00,166.9,168.04,165.98,166.83,1579050.0,30116.0,166.885829
AXP,2022-06-06 04:00:00+00:00,169.1,170.259,166.27,167.02,1645726.0,36098.0,167.779924
AXP,2022-06-07 04:00:00+00:00,164.64,169.4826,164.45,168.69,2475452.0,36424.0,168.372495
AXP,2022-06-08 04:00:00+00:00,166.75,168.64,165.19,165.96,2608824.0,40862.0,166.37999
AXP,2022-06-09 04:00:00+00:00,166.22,166.57,160.93,160.98,2670733.0,46501.0,162.368566
AXP,2022-06-10 04:00:00+00:00,157.26,157.875,154.36,154.42,3373360.0,57532.0,154.99143
AXP,2022-06-13 04:00:00+00:00,149.86,151.03,145.38,146.29,4684241.0,81302.0,147.269017
AXP,2022-06-14 04:00:00+00:00,145.95,147.4,143.25,144.6,3969607.0,60485.0,144.943577
AXP,2022-06-15 04:00:00+00:00,146.69,147.885,143.44,146.22,3748688.0,58671.0,146.346717
AXP,2022-06-16 04:00:00+00:00,142.59,142.6,136.49,137.5,5406995.0,80274.0,137.963203
AXP,2022-06-17 04:00:00+00:00,138.0,145.5604,137.59,144.18,12927407.0,100954.0,142.52389
AXP,2022-06-21 04:00:00+00:00,148.7,148.7,144.16,144.76,4074987.0,56260.0,145.249505
AXP,2022-06-22 04:00:00+00:00,142.23,146.35,141.341,144.39,3776046.0,48595.0,144.413855
AXP,2022-06-23 04:00:00+00:00,144.52,144.63,139.47,141.65,4268609.0,62394.0,141.537406
AXP,2022-06-24 04:00:00+00:00,141.63,146.27,141.0,146.15,11053558.0,68222.0,145.504984
AXP,2022-06-27 04:00:00+00:00,147.99,148.77,143.95,144.29,3600538.0,43561.0,145.431194
AXP,2022-06-28 04:00:00+00:00,146.08,149.51,141.85,142.19,3089490.0,46863.0,143.777877
AXP,2022-06-29 04:00:00+00:00,141.65,141.675,138.45,139.47,4619375.0,60638.0,139.473193
AXP,2022-06-30 04:00:00+00:00,136.7,139.87,134.3,138.62,4810252.0,55807.0,137.685215
AXP,2022-07-01 04:00:00+00:00,138.07,140.89,137.47,140.4,2968176.0,43695.0,139.539394
AXP,2022-07-05 04:00:00+00:00,137.22,139.65,135.65,139.65,4707041.0,57485.0,138.502633
AXP,2022-07-06 04:00:00+00:00,139.29,140.5,137.85,138.15,4939066.0,59232.0,138.690905
AXP,2022-07-07 04:00:00+00:00,140.18,142.17,139.15,141.03,4863553.0,59739.0,140.813426
AXP,2022-07-08 04:00:00+00:00,141.74,143.11,139.72,141.76,4117928.0,45982.0,141.764373
AXP,2022-07-11 04:00:00+00:00,140.47,142.31,139.835,140.58,2688677.0,38671.0,140.872143
AXP,2022-07-12 04:00:00+00:00,137.53,141.89,137.0601,139.18,4603234.0,47570.0,139.825599
AXP,2022-07-13 04:00:00+00:00,136.84,140.02,136.36,139.4,3102863.0,46424.0,138.948394
AXP,2022-07-14 04:00:00+00:00,135.7,137.24,134.12,136.48,5140796.0,64264.0,136.129244
AXP,2022-07-15 04:00:00+00:00,139.71,143.11,138.87,142.48,4126158.0,46403.0,141.924314
AXP,2022-07-18 04:00:00+00:00,144.34,146.05,141.52,142.33,3719461.0,50726.0,143.360923
AXP,2022-07-19 04:00:00+00:00,144.4,147.93,144.4,147.78,3942182.0,46242.0,147.129902
AXP,2022-07-20 04:00:00+00:00,146.87,149.1,146.37,148.93,3145906.0,39707.0,148.405499
AXP,2022-07-21 04:00:00+00:00,148.21,150.33,146.445,150.18,5446584.0,55771.0,149.373745
AXP,2022-07-22 04:00:00+00:00,159.01,160.88,152.62,153.01,10197009.0,103762.0,154.985842
AXP,2022-07-25 04:00:00+00:00,154.25,154.78,151.2134,153.79,4631351.0,57948.0,153.657186
AXP,2022-07-26 04:00:00+00:00,152.73,153.5,148.84,149.83,3251579.0,41722.0,150.356768
AXP,2022-07-27 04:00:00+00:00,151.6,152.72,147.27,151.63,5344473.0,79784.0,150.243592
AXP,2022-07-28 04:00:00+00:00,151.76,152.65,147.54,152.14,4079648.0,51392.0,151.083779
AXP,2022-07-29 04:00:00+00:00,152.37,154.38,151.29,154.02,4101294.0,40342.0,153.616203
AXP,2022-08-01 04:00:00+00:00,152.84,154.77,151.802,153.33,2620293.0,38396.0,153.504351
AXP,2022-08-02 04:00:00+00:00,152.02,153.3,150.84,151.6,2968949.0,39375.0,151.968377
AXP,2022-08-03 04:00:00+00:00,154.07,156.04,153.31,155.43,3143235.0,35036.0,155.244248
AXP,2022-08-04 04:00:00+00:00,156.02,157.71,155.26,156.87,4033930.0,48434.0,156.775551
AXP,2022-08-05 04:00:00+00:00,156.48,158.039,156.0,157.51,2945635.0,41742.0,157.266949
AXP,2022-08-08 04:00:00+00:00,159.0,160.79,156.94,157.28,3412141.0,40704.0,158.476139
AXP,2022-08-09 04:00:00+00:00,157.64,158.94,157.27,158.8,3711855.0,44059.0,158.473368
AXP,2022-08-10 04:00:00+00:00,161.77,164.21,161.64,162.44,3677182.0,49352.0,162.608653
AXP,2022-08-11 04:00:00+00:00,164.36,164.9239,162.18,162.99,2271189.0,36041.0,163.27448
AXP,2022-08-12 04:00:00+00:00,164.47,166.0,163.28,165.84,2264803.0,33186.0,165.258711
AXP,2022-08-15 04:00:00+00:00,164.28,166.06,163.76,165.4,2093663.0,34345.0,165.293687
AXP,2022-08-16 04:00:00+00:00,165.0,165.98,163.96,165.35,2153212.0,34014.0,165.148637
AXP,2022-08-17 04:00:00+00:00,163.3,164.48,162.2,163.9,2018292.0,32113.0,163.406831
AXP,2022-08-18 04:00:00+00:00,163.93,164.99,163.335,164.65,1592418.0,24921.0,164.453285
AXP,2022-08-19 04:00:00+00:00,163.5,163.93,162.01,162.24,2384194.0,32309.0,162.532507
AXP,2022-08-22 04:00:00+00:00,158.98,159.19,156.98,157.7,2258639.0,33495.0,157.886714
AXP,2022-08-23 04:00:00+00:00,158.0,159.6,157.2,157.33,3274565.0,55847.0,157.868352
AXP,2022-08-24 04:00:00+00:00,157.03,159.56,156.29,159.13,2291367.0,34113.0,158.838623
AXP,2022-08-25 04:00:00+00:00,160.0,162.33,158.78,162.23,2371908.0,32436.0,161.511091
AXP,2022-08-26 04:00:00+00:00,163.21,163.59,157.19,157.31,2780277.0,39607.0,158.622053
AXP,2022-08-29 04:00:00+00:00,155.88,156.51,154.41,154.54,3086577.0,41512.0,155.133074
AXP,2022-08-30 04:00:00+00:00,155.64,156.12,152.9,154.66,2412298.0,40608.0,154.434643
AXP,2022-08-31 04:00:00+00:00,155.56,156.37,151.84,152.0,4106099.0,45062.0,152.687879
AXP,2022-09-01 04:00:00+00:00,150.82,151.37,147.65,151.11,2729952.0,49601.0,149.844825
AXP,2022-09-02 04:00:00+00:00,153.48,153.98,148.93,149.79,2347555.0,41616.0,150.885999
AXP,2022-09-06 04:00:00+00:00,150.0,151.31,146.55,148.6,3263819.0,47189.0,148.438171
AXP,2022-09-07 04:00:00+00:00,148.4,152.7,148.38,152.25,2078297.0,33754.0,151.491701
AXP,2022-09-08 04:00:00+00:00,150.92,153.69,149.515,153.52,3962874.0,40799.0,152.297238
AXP,2022-09-09 04:00:00+00:00,154.45,158.59,154.3,158.44,4213765.0,55314.0,157.690531
AXP,2022-09-12 04:00:00+00:00,159.5,163.45,159.34,162.45,4807735.0,62646.0,162.044807
AXP,2022-09-13 04:00:00+00:00,158.14,159.81,154.84,155.35,4042834.0,57461.0,156.597401
AXP,2022-09-14 04:00:00+00:00,156.18,157.555,153.5,156.3,3261049.0,46102.0,156.035809
AXP,2022-09-15 04:00:00+00:00,156.43,158.79,155.9,156.13,2764900.0,40118.0,156.690938
AXP,2022-09-16 04:00:00+00:00,154.08,154.08,150.51,153.08,8889569.0,50273.0,153.024351
AXP,2022-09-19 04:00:00+00:00,151.25,155.48,150.7,155.36,2833531.0,35060.0,154.525026
AXP,2022-09-20 04:00:00+00:00,153.58,154.59,152.13,153.48,1971236.0,30257.0,153.430505
AXP,2022-09-21 04:00:00+00:00,154.67,154.81,148.66,148.71,2995675.0,42842.0,150.635232
AXP,2022-09-22 04:00:00+00:00,148.82,148.89,142.465,143.03,3612161.0,65230.0,143.851848
AXP,2022-09-23 04:00:00+00:00,140.775,141.96,138.09,140.26,3603600.0,55716.0,140.098394
AXP,2022-09-26 04:00:00+00:00,140.04,141.29,136.695,137.45,4187701.0,53422.0,138.129068
AXP,2022-09-27 04:00:00+00:00,139.44,140.38,136.1,137.49,3258516.0,41946.0,138.08714
AXP,2022-09-28 04:00:00+00:00,138.5,141.18,136.52,140.56,6149899.0,60397.0,139.598578
AXP,2022-09-29 04:00:00+00:00,138.39,138.95,135.84,137.79,2650972.0,43379.0,137.621389
AXP,2022-09-30 04:00:00+00:00,137.4,138.67,134.615,134.91,4739714.0,52014.0,135.526625
AXP,2022-10-03 04:00:00+00:00,137.95,140.77,134.92,140.02,3117840.0,52535.0,139.465806
AXP,2022-10-04 04:00:00+00:00,143.03,145.55,143.03,145.46,2804772.0,43132.0,144.985778
AXP,2022-10-05 04:00:00+00:00,142.92,145.29,142.08,144.37,2380116.0,36801.0,143.923258
AXP,2022-10-06 04:00:00+00:00,143.05,145.06,142.13,142.38,2920987.0,30586.0,142.883208
AXP,2022-10-07 04:00:00+00:00,140.42,141.29,138.08,139.0,2964747.0,45603.0,139.051415
AXP,2022-10-10 04:00:00+00:00,140.01,140.38,136.65,137.51,3087509.0,35474.0,138.016139
AXP,2022-10-11 04:00:00+00:00,136.37,139.21,135.39,137.35,2940714.0,42534.0,137.484868
AXP,2022-10-12 04:00:00+00:00,137.31,138.45,136.11,136.74,2825760.0,36012.0,137.115866
AXP,2022-10-13 04:00:00+00:00,131.35,142.55,130.65,141.55,6356384.0,65715.0,139.94921
AXP,2022-10-14 04:00:00+00:00,142.96,143.88,136.14,136.81,4445313.0,54853.0,138.277154
AXP,2022-10-17 04:00:00+00:00,140.58,142.22,140.09,141.54,3736688.0,47744.0,141.439288
AXP,2022-10-18 04:00:00+00:00,146.13,147.05,143.55,145.99,4457668.0,61253.0,145.668573
AXP,2022-10-19 04:00:00+00:00,145.43,147.07,142.6,143.97,3167681.0,46927.0,144.487395
AXP,2022-10-20 04:00:00+00:00,144.0,147.315,142.15,142.42,4812137.0,60797.0,143.649029
AXP,2022-10-21 04:00:00+00:00,140.99,141.32,132.21,140.04,12523468.0,155497.0,136.898966
AXP,2022-10-24 04:00:00+00:00,141.3,143.79,140.37,141.63,4649646.0,60508.0,141.563035
AXP,2022-10-25 04:00:00+00:00,142.48,147.44,141.6,147.02,4524343.0,52547.0,146.620391
AXP,2022-10-26 04:00:00+00:00,147.56,149.5,146.47,146.88,3929567.0,53700.0,147.622016
AXP,2022-10-27 04:00:00+00:00,148.44,149.71,146.41,146.97,2496977.0,38914.0,147.331542
AXP,2022-10-28 04:00:00+00:00,146.56,150.91,146.05,150.44,4031813.0,43108.0,149.658629
AXP,2022-10-31 04:00:00+00:00,150.0,150.3,148.32,148.45,3581361.0,39408.0,148.877293
AXP,2022-11-01 04:00:00+00:00,149.96,150.63,146.63,147.08,3008950.0,43806.0,147.443892
AXP,2022-11-02 04:00:00+00:00,146.58,149.03,143.3701,143.5,3225845.0,50135.0,145.087723
AXP,2022-11-03 04:00:00+00:00,141.09,142.2,138.77,139.31,4330019.0,70968.0,139.903351
AXP,2022-11-04 04:00:00+00:00,142.4,146.356,141.0,144.72,3701347.0,54552.0,144.321885
AXP,2022-11-07 05:00:00+00:00,146.2,147.54,143.76,146.98,2917984.0,43472.0,146.318918
AXP,2022-11-08 05:00:00+00:00,147.44,151.34,147.1375,150.2,3846057.0,57077.0,149.950692
AXP,2022-11-09 05:00:00+00:00,149.47,149.47,145.66,145.86,2425496.0,41865.0,146.934745
AXP,2022-11-10 05:00:00+00:00,152.79,155.79,151.31,154.75,4701614.0,70419.0,154.3331
AXP,2022-11-11 05:00:00+00:00,156.49,158.88,154.7,154.89,3714339.0,64429.0,156.217861
AXP,2022-11-14 05:00:00+00:00,153.37,156.5,153.06,154.13,3666615.0,47974.0,154.549608
AXP,2022-11-15 05:00:00+00:00,156.96,157.35,152.32,153.89,2917022.0,45373.0,154.23778
AXP,2022-11-16 05:00:00+00:00,154.21,155.91,151.854,152.57,2635283.0,40490.0,153.094856
AXP,2022-11-17 05:00:00+00:00,150.0,151.0623,149.22,150.64,2769983.0,44463.0,150.278062
AXP,2022-11-18 05:00:00+00:00,152.25,153.76,150.9375,152.5,2630629.0,38201.0,152.162791
AXP,2022-11-21 05:00:00+00:00,152.25,153.46,151.89,152.81,2003541.0,35250.0,152.709827
AXP,2022-11-22 05:00:00+00:00,154.1,155.145,153.285,154.58,2124751.0,33799.0,154.440549
AXP,2022-11-23 05:00:00+00:00,153.83,154.99,152.88,153.93,1404497.0,25897.0,153.943323
AXP,2022-11-25 05:00:00+00:00,153.52,154.47,153.17,154.15,665794.0,12009.0,154.02149
AXP,2022-11-28 05:00:00+00:00,152.69,153.78,150.37,150.87,1783271.0,33140.0,151.353592
AXP,2022-11-29 05:00:00+00:00,150.96,154.47,150.525,154.42,2655744.0,42000.0,153.586255
AXP,2022-11-30 05:00:00+00:00,153.84,157.59,151.4831,157.59,3914739.0,50612.0,155.819985
AXP,2022-12-01 05:00:00+00:00,157.72,158.87,154.75,157.5,2670351.0,45291.0,157.227128
AXP,2022-12-02 05:00:00+00:00,155.22,157.28,155.0,156.75,2285389.0,41296.0,156.416522
AXP,2022-12-05 05:00:00+00:00,155.96,159.445,155.55,156.08,3013097.0,52891.0,156.964229
AXP,2022-12-06 05:00:00+00:00,155.75,158.34,153.321,154.7,3285269.0,57395.0,155.246073
AXP,2022-12-07 05:00:00+00:00,154.56,156.99,154.3101,154.77,2879830.0,38324.0,155.110847
AXP,2022-12-08 05:00:00+00:00,155.89,156.42,153.45,154.12,1632502.0,29695.0,154.51781
AXP,2022-12-09 05:00:00+00:00,153.99,155.14,152.6168,153.9,1761227.0,27408.0,154.133223
AXP,2022-12-12 05:00:00+00:00,154.26,157.76,154.0,157.31,2773937.0,34472.0,156.919348
AXP,2022-12-13 05:00:00+00:00,160.62,161.55,156.16,157.52,3110544.0,48037.0,157.839299
AXP,2022-12-14 05:00:00+00:00,157.57,158.62,153.84,154.11,3556245.0,45001.0,155.354898
AXP,2022-12-15 05:00:00+00:00,151.65,152.28,146.47,150.22,4284799.0,63555.0,149.430161
AXP,2022-12-16 05:00:00+00:00,148.59,148.59,144.15,146.3,4510006.0,56248.0,146.438203
AXP,2022-12-19 05:00:00+00:00,146.04,146.74,143.66,145.01,2546222.0,36939.0,144.983842
AXP,2022-12-20 05:00:00+00:00,144.99,146.5,144.25,145.7,1607973.0,27263.0,145.654438
AXP,2022-12-21 05:00:00+00:00,147.06,147.7777,146.37,147.1,2107058.0,37517.0,147.081391
AXP,2022-12-22 05:00:00+00:00,146.05,146.7,142.72,145.31,2901666.0,35030.0,145.028528
AXP,2022-12-23 05:00:00+00:00,145.23,147.1391,144.52,147.02,1671825.0,29046.0,146.581089
AXP,2022-12-27 05:00:00+00:00,147.29,147.86,145.67,146.39,1858526.0,29134.0,146.661556
AXP,2022-12-28 05:00:00+00:00,146.21,146.82,143.94,144.01,1490160.0,27357.0,144.729645
AXP,2022-12-29 05:00:00+00:00,145.08,147.62,144.4001,147.32,1758641.0,30487.0,146.983271
AXP,2022-12-30 05:00:00+00:00,146.01,147.93,145.73,147.75,2247170.0,36037.0,147.148446
AXP,2023-01-03 05:00:00+00:00,149.54,150.45,145.73,147.12,2762338.0,37709.0,147.462861
AXP,2023-01-04 05:00:00+00:00,148.56,151.96,148.56,150.54,2620388.0,36930.0,150.500132
AXP,2023-01-05 05:00:00+00:00,147.16,148.72,146.02,146.43,2505858.0,42670.0,146.781086
AXP,2023-01-06 05:00:00+00:00,147.74,150.43,145.48,150.17,3077319.0,42770.0,149.354672
AXP,2023-01-09 05:00:00+00:00,151.35,152.445,150.1,150.4,3219406.0,41307.0,150.969659
AXP,2023-01-10 05:00:00+00:00,150.51,152.18,149.28,152.0,2198389.0,33828.0,151.451305
AXP,2023-01-11 05:00:00+00:00,152.3,154.11,152.27,153.92,3113699.0,42161.0,153.530957
AXP,2023-01-12 05:00:00+00:00,154.76,155.748,152.4,154.92,3322481.0,42270.0,154.588577
AXP,2023-01-13 05:00:00+00:00,153.24,156.25,152.3,155.76,2390115.0,38861.0,155.126219
AXP,2023-01-17 05:00:00+00:00,155.54,156.1,153.37,153.75,3073414.0,49499.0,154.304421
AXP,2023-01-18 05:00:00+00:00,154.49,154.7599,150.3205,150.42,2762417.0,46404.0,151.318655
AXP,2023-01-19 05:00:00+00:00,146.61,148.0,144.2,146.85,3852474.0,61894.0,146.352661
AXP,2023-01-20 05:00:00+00:00,147.96,151.78,147.72,151.6,3953781.0,55737.0,150.515092
AXP,2023-01-23 05:00:00+00:00,152.0,155.06,151.55,154.0,3608652.0,56906.0,153.842732
AXP,2023-01-24 05:00:00+00:00,154.0,156.67,152.6601,155.33,2348501.0,37099.0,155.425846
AXP,2023-01-25 05:00:00+00:00,153.49,157.055,153.37,156.77,2916452.0,48105.0,155.825417
AXP,2023-01-26 05:00:00+00:00,157.65,158.2299,154.285,155.88,3640253.0,58486.0,155.556651
AXP,2023-01-27 05:00:00+00:00,166.8,175.5416,165.5,172.31,13993219.0,171323.0,171.990071
AXP,2023-01-30 05:00:00+00:00,174.79,177.86,172.5108,172.66,10240662.0,139552.0,175.159454
AXP,2023-01-31 05:00:00+00:00,172.91,175.31,171.895,174.93,5170928.0,64863.0,174.076739
AXP,2023-02-01 05:00:00+00:00,173.38,175.12,171.93,173.61,3725218.0,62226.0,173.709877
AXP,2023-02-02 05:00:00+00:00,174.16,175.22,171.08,173.13,6895514.0,79066.0,173.130438
AXP,2023-02-03 05:00:00+00:00,171.56,180.4,171.21,178.86,5304588.0,74509.0,177.737031
AXP,2023-02-06 05:00:00+00:00,176.74,177.75,175.69,176.48,3397762.0,52961.0,176.413668
AXP,2023-02-07 05:00:00+00:00,175.05,179.03,174.7482,178.7,3526392.0,49007.0,177.340078
AXP,2023-02-08 05:00:00+00:00,179.75,180.1,177.88,179.0,2926547.0,41628.0,178.820268
AXP,2023-02-09 05:00:00+00:00,179.15,182.08,178.48,179.37,3557851.0,50390.0,180.207828
AXP,2023-02-10 05:00:00+00:00,178.57,179.73,176.49,179.25,2585352.0,40384.0,178.620828
AXP,2023-02-13 05:00:00+00:00,179.24,181.3806,178.28,181.33,3102548.0,40154.0,180.87211
AXP,2023-02-14 05:00:00+00:00,180.31,182.15,178.79,181.02,2326126.0,37134.0,180.880901
AXP,2023-02-15 05:00:00+00:00,178.92,180.74,178.5,180.67,1502075.0,28390.0,180.120444
AXP,2023-02-16 05:00:00+00:00,179.48,179.88,177.68,177.94,1899103.0,33350.0,178.546185
AXP,2023-02-17 05:00:00+00:00,176.05,177.61,174.655,177.3,2355242.0,33563.0,176.746271
AXP,2023-02-21 05:00:00+00:00,175.12,176.5,173.32,173.48,2713342.0,40229.0,174.077016
AXP,2023-02-22 05:00:00+00:00,173.56,176.0229,172.93,174.7,2468774.0,38620.0,174.671394
AXP,2023-02-23 05:00:00+00:00,175.24,176.6,172.855,175.14,2575312.0,36967.0,174.694166
AXP,2023-02-24 05:00:00+00:00,173.69,174.94,172.19,174.25,1667048.0,31539.0,173.805574
AXP,2023-02-27 05:00:00+00:00,175.53,175.69,173.08,173.3,1909122.0,35582.0,173.817924
AXP,2023-02-28 05:00:00+00:00,174.01,175.335,173.58,173.99,2301391.0,40686.0,174.255329
AXP,2023-03-01 05:00:00+00:00,173.51,177.2,173.01,175.91,2566454.0,48899.0,175.681463
AXP,2023-03-02 05:00:00+00:00,174.04,175.825,172.66,175.34,1795345.0,30441.0,174.5715
AXP,2023-03-03 05:00:00+00:00,176.01,179.39,175.23,179.09,2875588.0,40197.0,178.3624
AXP,2023-03-06 05:00:00+00:00,178.56,180.515,178.46,179.06,2730912.0,40028.0,179.348776
AXP,2023-03-07 05:00:00+00:00,178.67,178.9,175.08,175.32,2906585.0,46382.0,176.171608
AXP,2023-03-08 05:00:00+00:00,175.83,176.22,173.57,174.83,2101443.0,42790.0,174.802974
AXP,2023-03-09 05:00:00+00:00,179.595,180.2674,171.955,172.12,4349449.0,72406.0,174.660183
AXP,2023-03-10 05:00:00+00:00,170.83,170.83,164.835,165.7,5099560.0,88072.0,166.79686
AXP,2023-03-13 04:00:00+00:00,161.485,161.985,157.42,157.63,6122085.0,115065.0,159.434806
AXP,2023-03-14 04:00:00+00:00,161.5,164.32,160.88,163.91,5284046.0,91641.0,163.073769
AXP,2023-03-15 04:00:00+00:00,157.91,159.955,155.93,159.81,6100774.0,93985.0,158.25737
AXP,2023-03-16 04:00:00+00:00,158.06,161.92,156.1,160.73,4738349.0,72466.0,159.770756
AXP,2023-03-17 04:00:00+00:00,158.22,158.648,154.9,156.52,7446695.0,72497.0,156.834034
AXP,2023-03-20 04:00:00+00:00,158.37,160.69,157.57,158.74,3054323.0,54786.0,158.885036
AXP,2023-03-21 04:00:00+00:00,162.94,164.57,161.7,164.56,3986761.0,50917.0,163.784719
AXP,2023-03-22 04:00:00+00:00,164.63,166.77,162.5,162.75,4367267.0,67836.0,163.95708
AXP,2023-03-23 04:00:00+00:00,162.67,166.24,160.82,162.76,3727735.0,58202.0,163.476462
AXP,2023-03-24 04:00:00+00:00,160.52,160.705,157.82,159.78,2588711.0,48355.0,159.465192
AXP,2023-03-27 04:00:00+00:00,163.95,164.47,161.83,163.12,3974110.0,52778.0,162.963959
AXP,2023-03-28 04:00:00+00:00,162.21,162.59,158.19,159.21,4883678.0,76071.0,159.907589
AXP,2023-03-29 04:00:00+00:00,161.7,164.1871,161.08,163.59,3884987.0,52428.0,163.012284
AXP,2023-03-30 04:00:00+00:00,163.96,164.96,161.81,162.41,2644815.0,37429.0,162.77006
AXP,2023-03-31 04:00:00+00:00,163.67,165.08,161.75,164.95,3593964.0,45525.0,163.974475
AXP,2023-04-03 04:00:00+00:00,164.11,165.24,162.68,163.78,2704361.0,39830.0,163.819307
AXP,2023-04-04 04:00:00+00:00,165.01,165.19,160.83,162.56,2063730.0,39481.0,162.312412
AXP,2023-04-05 04:00:00+00:00,160.56,161.6,160.19,161.08,2346826.0,41963.0,160.988187
AXP,2023-04-06 04:00:00+00:00,160.63,160.79,158.23,158.83,3754544.0,57101.0,159.1688
AXP,2023-04-10 04:00:00+00:00,158.04,161.17,157.8,161.14,2372633.0,39558.0,160.37291
AXP,2023-04-11 04:00:00+00:00,161.67,162.58,160.315,161.83,2742327.0,41935.0,161.644594
AXP,2023-04-12 04:00:00+00:00,163.22,163.22,158.8651,159.29,2817645.0,54227.0,160.055039
AXP,2023-04-13 04:00:00+00:00,159.8,162.42,158.98,162.3,2729022.0,49842.0,161.590528
AXP,2023-04-14 04:00:00+00:00,164.24,164.77,161.46,163.22,2617388.0,48654.0,162.937561
AXP,2023-04-17 04:00:00+00:00,161.94,163.74,160.885,163.71,2622320.0,46875.0,162.820691
AXP,2023-04-18 04:00:00+00:00,164.6,165.0487,163.28,164.4,2444533.0,46985.0,164.460725
AXP,2023-04-19 04:00:00+00:00,164.37,166.55,163.74,164.95,3768644.0,63623.0,165.270183
AXP,2023-04-20 04:00:00+00:00,159.0,163.75,154.01,163.28,10832403.0,127915.0,160.290657
AXP,2023-04-21 04:00:00+00:00,163.02,164.7681,161.23,163.78,3882475.0,51387.0,163.463165
AXP,2023-04-24 04:00:00+00:00,164.23,164.3,160.4015,160.59,2473468.0,44135.0,161.405673
AXP,2023-04-25 04:00:00+00:00,158.91,159.25,155.965,156.12,3421311.0,51943.0,157.015547
AXP,2023-04-26 04:00:00+00:00,155.77,157.265,155.08,155.72,2789135.0,46451.0,155.879892
AXP,2023-04-27 04:00:00+00:00,156.54,158.7,155.91,158.45,2143715.0,39508.0,157.859377
AXP,2023-04-28 04:00:00+00:00,157.3,161.38,156.88,161.34,2379743.0,38286.0,160.701146
AXP,2023-05-01 04:00:00+00:00,161.85,161.85,158.68,159.32,1803622.0,35070.0,159.703286
AXP,2023-05-02 04:00:00+00:00,158.35,158.35,151.91,153.25,4925558.0,81733.0,153.496736
AXP,2023-05-03 04:00:00+00:00,153.26,154.98,151.84,152.21,2655259.0,45524.0,153.153283
AXP,2023-05-04 04:00:00+00:00,151.03,151.25,147.4,148.81,3997870.0,71024.0,148.445587
AXP,2023-05-05 04:00:00+00:00,151.29,153.3167,151.12,152.65,2221889.0,40921.0,152.42347
AXP,2023-05-08 04:00:00+00:00,153.41,154.58,152.95,153.04,2271642.0,36879.0,153.45358
AXP,2023-05-09 04:00:00+00:00,152.0,153.73,151.88,153.38,2322801.0,39598.0,152.943512
AXP,2023-05-10 04:00:00+00:00,153.61,154.67,147.95,148.68,4602636.0,79282.0,149.684668
AXP,2023-05-11 04:00:00+00:00,147.97,148.5,146.275,147.99,2900305.0,55572.0,147.704362
AXP,2023-05-12 04:00:00+00:00,149.32,149.32,147.0893,147.93,2318952.0,43111.0,147.877469
AXP,2023-05-15 04:00:00+00:00,148.18,150.21,147.93,150.0,2271856.0,42497.0,149.377537
AXP,2023-05-16 04:00:00+00:00,150.19,152.41,148.37,148.41,1960309.0,39525.0,149.218773
AXP,2023-05-17 04:00:00+00:00,149.82,152.885,149.3,152.09,2446457.0,39685.0,151.623956
AXP,2023-05-18 04:00:00+00:00,152.25,154.12,151.06,153.48,2629827.0,40683.0,152.661339
AXP,2023-05-19 04:00:00+00:00,154.57,154.915,152.1377,152.95,2258202.0,36708.0,153.393622
AXP,2023-05-22 04:00:00+00:00,153.67,155.9,153.28,155.51,2483796.0,46556.0,154.955568
AXP,2023-05-23 04:00:00+00:00,154.47,155.76,152.5,152.56,2928596.0,48737.0,153.93756
AXP,2023-05-24 04:00:00+00:00,151.5,151.7,150.12,150.72,2308439.0,42239.0,150.80116
AXP,2023-05-25 04:00:00+00:00,149.6,151.5,149.37,151.08,3234307.0,48364.0,150.717855
AXP,2023-05-26 04:00:00+00:00,152.81,158.25,152.53,157.24,4015395.0,60006.0,156.389914
AXP,2023-05-30 04:00:00+00:00,157.15,158.95,156.66,158.01,3268247.0,58330.0,157.78457
AXP,2023-05-31 04:00:00+00:00,157.67,159.605,156.2625,158.56,5588546.0,62481.0,158.223919
AXP,2023-06-01 04:00:00+00:00,159.06,163.99,158.23,162.72,4087198.0,64805.0,162.150538
AXP,2023-06-02 04:00:00+00:00,164.99,169.85,164.49,168.56,4820511.0,67562.0,168.280157
AXP,2023-06-05 04:00:00+00:00,168.24,168.24,165.83,167.43,3113369.0,53681.0,167.426073
AXP,2023-06-06 04:00:00+00:00,167.85,172.65,167.5,171.82,3631658.0,55837.0,171.36019
AXP,2023-06-07 04:00:00+00:00,173.65,173.65,170.7,171.55,2789038.0,49996.0,171.680424
AXP,2023-06-08 04:00:00+00:00,170.65,171.53,169.56,171.14,2354854.0,38670.0,170.83322
AXP,2023-06-09 04:00:00+00:00,171.94,172.22,170.9401,171.72,2200938.0,40131.0,171.699152
AXP,2023-06-12 04:00:00+00:00,172.01,173.93,171.93,173.64,2610434.0,38394.0,173.123055
AXP,2023-06-13 04:00:00+00:00,174.41,176.12,174.21,175.14,2480395.0,44566.0,175.20649
AXP,2023-06-14 04:00:00+00:00,176.02,177.04,173.39,174.47,2326125.0,42305.0,175.255962
AXP,2023-06-15 04:00:00+00:00,171.41,174.53,169.5687,173.81,2797606.0,51983.0,172.822376
AXP,2023-06-16 04:00:00+00:00,174.2,174.5778,171.55,172.21,4616883.0,50857.0,172.779178
AXP,2023-06-20 04:00:00+00:00,171.0,171.22,168.33,169.41,2865882.0,48158.0,169.538428
AXP,2023-06-21 04:00:00+00:00,169.1,169.1,166.95,167.92,2813683.0,39758.0,167.972921
AXP,2023-06-22 04:00:00+00:00,167.28,168.5,165.225,168.26,2755944.0,41762.0,167.691915
AXP,2023-06-23 04:00:00+00:00,166.0,168.6,165.74,168.07,4261844.0,33836.0,167.940014
AXP,2023-06-26 04:00:00+00:00,168.53,170.5,167.06,167.11,2507096.0,39513.0,167.93374
AXP,2023-06-27 04:00:00+00:00,166.35,168.38,166.18,168.19,2434107.0,45046.0,167.830327
AXP,2023-06-28 04:00:00+00:00,167.26,169.87,167.195,169.78,2289047.0,38517.0,168.872632
AXP,2023-06-29 04:00:00+00:00,170.58,172.31,170.32,172.08,2899255.0,42484.0,171.458588
AXP,2023-06-30 04:00:00+00:00,174.24,175.09,173.33,174.2,3294422.0,49659.0,174.264196
AXP,2023-07-03 04:00:00+00:00,174.3,176.325,173.7,175.44,1692572.0,25058.0,175.35244
AXP,2023-07-05 04:00:00+00:00,174.38,176.57,174.04,175.57,2487902.0,39256.0,175.62911
AXP,2023-07-06 04:00:00+00:00,171.74,172.31,168.23,170.94,3158090.0,53320.0,170.424177
AXP,2023-07-07 04:00:00+00:00,169.13,171.57,168.6701,169.8,2145509.0,41420.0,170.006778
AXP,2023-07-10 04:00:00+00:00,169.86,171.83,169.45,171.71,1865588.0,36624.0,171.05766
AXP,2023-07-11 04:00:00+00:00,172.5,175.58,172.32,174.64,2282395.0,45421.0,174.605132
AXP,2023-07-12 04:00:00+00:00,177.0,177.91,174.31,174.33,2305816.0,43479.0,175.478621
AXP,2023-07-13 04:00:00+00:00,175.42,176.1,173.9,174.24,2080404.0,44681.0,174.576895
AXP,2023-07-14 04:00:00+00:00,175.36,175.66,172.52,173.39,1829559.0,34558.0,173.42811
AXP,2023-07-17 04:00:00+00:00,172.94,176.26,172.835,175.39,2144715.0,35239.0,175.410254
AXP,2023-07-18 04:00:00+00:00,175.19,178.44,174.43,178.04,2687000.0,51055.0,177.428023
AXP,2023-07-19 04:00:00+00:00,178.25,178.787,176.31,177.12,2749124.0,55007.0,177.294785
AXP,2023-07-20 04:00:00+00:00,175.56,177.22,174.05,177.11,3940707.0,69766.0,176.228515
AXP,2023-07-21 04:00:00+00:00,172.17,173.34,167.4201,170.22,9102139.0,133847.0,170.208645
AXP,2023-07-24 04:00:00+00:00,167.59,169.0,166.93,167.79,4979940.0,80972.0,167.835439
AXP,2023-07-25 04:00:00+00:00,167.35,168.95,166.42,166.5,3286741.0,58516.0,167.228905
AXP,2023-07-26 04:00:00+00:00,166.17,168.43,166.0601,167.75,2351962.0,47098.0,167.355254
AXP,2023-07-27 04:00:00+00:00,168.53,168.54,163.17,163.6,3944154.0,69103.0,165.15038
AXP,2023-07-28 04:00:00+00:00,165.29,166.58,164.64,165.43,2926000.0,56349.0,165.679392
AXP,2023-07-31 04:00:00+00:00,166.51,168.99,166.51,168.88,3347043.0,52856.0,168.552778
AXP,2023-08-01 04:00:00+00:00,167.95,169.805,167.26,169.65,2341378.0,43684.0,168.96365
AXP,2023-08-02 04:00:00+00:00,167.28,167.75,166.045,166.75,2236918.0,40889.0,166.711413
AXP,2023-08-03 04:00:00+00:00,165.84,166.66,165.03,166.41,1710129.0,33866.0,166.109347
AXP,2023-08-04 04:00:00+00:00,166.53,168.1,165.06,165.41,2256566.0,42848.0,166.296074
AXP,2023-08-07 04:00:00+00:00,166.85,167.33,166.14,166.96,2027205.0,34800.0,166.819205
AXP,2023-08-08 04:00:00+00:00,164.9,165.99,163.585,165.87,2102998.0,38824.0,165.026174
AXP,2023-08-09 04:00:00+00:00,165.94,166.29,163.5,163.82,2445232.0,39643.0,164.400531
AXP,2023-08-10 04:00:00+00:00,164.71,166.5,162.72,163.54,2556028.0,46593.0,164.217949
AXP,2023-08-11 04:00:00+00:00,162.67,165.78,162.6,165.27,2102667.0,42698.0,164.905715
AXP,2023-08-14 04:00:00+00:00,164.33,166.4837,163.77,166.08,1827885.0,37508.0,165.668321
AXP,2023-08-15 04:00:00+00:00,164.39,164.8105,161.7,161.91,2447598.0,50750.0,162.465999
AXP,2023-08-16 04:00:00+00:00,161.27,162.96,160.64,160.76,1994857.0,36447.0,161.280122
AXP,2023-08-17 04:00:00+00:00,161.91,162.606,160.38,160.58,2473107.0,47036.0,161.237243
AXP,2023-08-18 04:00:00+00:00,159.23,160.8,158.94,160.23,2139655.0,43181.0,160.10415
AXP,2023-08-21 04:00:00+00:00,160.88,161.6465,160.08,160.88,2070606.0,41223.0,160.90068
AXP,2023-08-22 04:00:00+00:00,160.76,161.26,158.61,159.08,2256109.0,40367.0,159.337009
AXP,2023-08-23 04:00:00+00:00,159.33,160.08,158.7,159.44,2042494.0,40834.0,159.357485
AXP,2023-08-24 04:00:00+00:00,159.01,161.42,157.74,157.79,2468595.0,44660.0,158.664995
AXP,2023-08-25 04:00:00+00:00,158.44,159.64,157.3294,158.32,2969216.0,51013.0,158.21742
AXP,2023-08-28 04:00:00+00:00,158.98,160.91,158.76,159.19,2509921.0,44993.0,159.615499
AXP,2023-08-29 04:00:00+00:00,158.89,160.79,158.3,160.24,2175786.0,41044.0,160.046674
AXP,2023-08-30 04:00:00+00:00,160.27,161.86,160.12,160.17,3039991.0,45658.0,160.566996
AXP,2023-08-31 04:00:00+00:00,160.66,160.9355,157.735,157.99,3653889.0,55924.0,158.557856
AXP,2023-09-01 04:00:00+00:00,159.07,160.16,158.71,159.62,2195659.0,41008.0,159.47068
AXP,2023-09-05 04:00:00+00:00,160.11,161.86,159.35,160.0,4150966.0,69542.0,160.109277
AXP,2023-09-06 04:00:00+00:00,159.07,159.84,156.86,158.0,2949367.0,57907.0,158.148754
AXP,2023-09-07 04:00:00+00:00,157.26,157.63,156.07,156.78,2617386.0,51305.0,156.749494
AXP,2023-09-08 04:00:00+00:00,157.02,157.79,156.71,157.43,1931614.0,41939.0,157.406404
AXP,2023-09-11 04:00:00+00:00,158.37,159.16,157.397,157.83,2613251.0,49938.0,158.014397
AXP,2023-09-12 04:00:00+00:00,157.65,159.72,157.45,158.5,2659239.0,52281.0,158.553319
AXP,2023-09-13 04:00:00+00:00,159.34,160.7,158.62,159.14,2976904.0,58338.0,159.479898
AXP,2023-09-14 04:00:00+00:00,160.57,161.96,160.0,161.78,3209988.0,55052.0,161.410703
AXP,2023-09-15 04:00:00+00:00,162.03,164.33,161.815,163.75,7273639.0,63783.0,163.405942
AXP,2023-09-18 04:00:00+00:00,163.79,163.95,159.35,159.63,2413608.0,46261.0,160.494963
AXP,2023-09-19 04:00:00+00:00,159.05,159.865,158.45,159.35,2230747.0,40899.0,159.196718
AXP,2023-09-20 04:00:00+00:00,160.0,160.2,156.88,157.23,1969737.0,34997.0,158.186243
AXP,2023-09-21 04:00:00+00:00,155.83,156.865,154.44,154.71,2712331.0,48497.0,155.147991
AXP,2023-09-22 04:00:00+00:00,155.0,155.04,152.92,153.08,2380682.0,43672.0,153.470644
AXP,2023-09-25 04:00:00+00:00,152.21,153.31,151.7504,153.23,2434381.0,44303.0,152.69033
AXP,2023-09-26 04:00:00+00:00,151.75,152.96,150.16,151.12,2332197.0,44600.0,151.163899
AXP,2023-09-27 04:00:00+00:00,151.5,151.5,148.97,149.9,3705578.0,44222.0,150.046527
AXP,2023-09-28 04:00:00+00:00,149.77,150.88,149.02,150.23,3489906.0,49345.0,150.05236
AXP,2023-09-29 04:00:00+00:00,151.45,151.69,148.67,149.19,3579575.0,52312.0,149.660989
AXP,2023-10-02 04:00:00+00:00,148.42,149.9,148.072,149.48,2657812.0,44356.0,149.109954
AXP,2023-10-03 04:00:00+00:00,148.5,149.18,144.31,145.05,4184134.0,73589.0,145.652599
AXP,2023-10-04 04:00:00+00:00,145.9,146.92,144.4,146.63,3476795.0,56640.0,146.137751
AXP,2023-10-05 04:00:00+00:00,145.58,147.54,144.77,147.09,2706170.0,47290.0,146.560006
AXP,2023-10-06 04:00:00+00:00,146.71,150.35,146.14,149.32,3204744.0,50543.0,149.062493
AXP,2023-10-09 04:00:00+00:00,147.6,149.45,147.42,148.82,2279498.0,38557.0,148.793492
AXP,2023-10-10 04:00:00+00:00,149.5,151.73,149.0,150.93,2909236.0,50743.0,150.948335
AXP,2023-10-11 04:00:00+00:00,151.425,152.81,149.76,151.51,1727050.0,32067.0,151.214716
AXP,2023-10-12 04:00:00+00:00,152.5,152.72,150.11,151.28,2377315.0,37652.0,151.397046
AXP,2023-10-13 04:00:00+00:00,152.92,154.14,150.4303,151.1,2951840.0,46032.0,151.714579
AXP,2023-10-16 04:00:00+00:00,152.37,153.41,151.205,152.79,2586320.0,37480.0,152.836303
AXP,2023-10-17 04:00:00+00:00,151.56,154.73,151.5,154.39,3919448.0,63878.0,153.682126
AXP,2023-10-18 04:00:00+00:00,153.12,153.59,151.13,151.53,2632185.0,44199.0,152.070962
AXP,2023-10-19 04:00:00+00:00,150.41,156.05,149.01,149.62,4642175.0,73583.0,150.653939
AXP,2023-10-20 04:00:00+00:00,144.7,147.94,141.44,141.57,8268105.0,127260.0,143.525019
AXP,2023-10-23 04:00:00+00:00,141.5,145.8525,140.91,144.59,5313472.0,71679.0,144.399996
AXP,2023-10-24 04:00:00+00:00,145.85,146.515,143.545,144.42,3521131.0,53952.0,144.575273
AXP,2023-10-25 04:00:00+00:00,144.09,144.8399,143.2301,143.52,2841448.0,51911.0,143.829557
AXP,2023-10-26 04:00:00+00:00,143.37,144.91,142.99,143.34,3377962.0,55969.0,143.699393
AXP,2023-10-27 04:00:00+00:00,143.85,143.96,141.025,141.31,3442469.0,64342.0,141.781135
AXP,2023-10-30 04:00:00+00:00,142.72,143.8601,141.73,143.27,3303289.0,55465.0,142.931536
AXP,2023-10-31 04:00:00+00:00,143.33,146.68,143.065,146.03,3737161.0,55681.0,145.424226
AXP,2023-11-01 04:00:00+00:00,146.49,146.815,145.1423,146.45,2332561.0,42640.0,146.156234
AXP,2023-11-02 04:00:00+00:00,148.33,150.91,148.33,150.85,3108436.0,57314.0,150.155886
AXP,2023-11-03 04:00:00+00:00,152.58,153.88,152.4,152.76,2667678.0,52505.0,153.079179
AXP,2023-11-06 05:00:00+00:00,152.6,153.07,151.511,152.99,2490096.0,42622.0,152.460551
AXP,2023-11-07 05:00:00+00:00,152.97,153.79,152.35,152.98,1583347.0,31444.0,153.106569
AXP,2023-11-08 05:00:00+00:00,152.97,153.8,152.43,153.01,1804517.0,33542.0,153.05287
AXP,2023-11-09 05:00:00+00:00,153.68,154.16,152.05,152.37,2053115.0,36129.0,152.899276
AXP,2023-11-10 05:00:00+00:00,153.04,154.48,152.1001,154.38,2088298.0,37734.0,153.806618
AXP,2023-11-13 05:00:00+00:00,154.08,155.26,153.5,154.34,1753791.0,34491.0,154.503523
AXP,2023-11-14 05:00:00+00:00,156.6,157.915,156.03,156.91,2968812.0,48649.0,157.002957
AXP,2023-11-15 05:00:00+00:00,157.53,159.44,157.0,159.43,3272578.0,50061.0,158.917828
AXP,2023-11-16 05:00:00+00:00,159.65,160.105,157.97,159.05,3749349.0,51879.0,158.846506
AXP,2023-11-17 05:00:00+00:00,159.91,162.58,159.91,162.56,2976094.0,50644.0,161.771361
AXP,2023-11-20 05:00:00+00:00,162.91,164.65,162.76,163.85,3243291.0,52999.0,163.704577
AXP,2023-11-21 05:00:00+00:00,163.65,164.12,161.725,162.29,2759757.0,47805.0,162.616102
AXP,2023-11-22 05:00:00+00:00,163.28,164.675,162.85,163.79,2528343.0,43605.0,163.843045
AXP,2023-11-24 05:00:00+00:00,164.56,165.22,163.97,164.42,950728.0,20087.0,164.521655
AXP,2023-11-27 05:00:00+00:00,163.76,164.515,163.32,164.04,2153701.0,40412.0,164.058494
AXP,2023-11-28 05:00:00+00:00,163.92,165.98,163.61,165.66,2117828.0,38047.0,165.387803
AXP,2023-11-29 05:00:00+00:00,166.4,168.72,166.4,167.43,2720167.0,46176.0,167.697357
AXP,2023-11-30 05:00:00+00:00,168.0,171.165,167.53,170.77,4600699.0,55971.0,170.238812
AXP,2023-12-01 05:00:00+00:00,170.67,174.335,170.31,173.76,3412218.0,57138.0,173.150113
AXP,2023-12-04 05:00:00+00:00,172.86,175.31,172.66,173.25,3630974.0,59690.0,173.486654
AXP,2023-12-05 05:00:00+00:00,172.1,172.71,165.93,170.68,6452483.0,98106.0,169.451552
AXP,2023-12-06 05:00:00+00:00,171.73,172.38,167.175,167.51,3890679.0,67320.0,168.757981
AXP,2023-12-07 05:00:00+00:00,168.46,169.22,167.74,168.62,2797101.0,43947.0,168.541235
AXP,2023-12-08 05:00:00+00:00,168.34,169.1331,167.57,168.43,2681333.0,45111.0,168.401389
AXP,2023-12-11 05:00:00+00:00,168.4,169.5144,167.86,168.39,2811552.0,52898.0,168.73689
AXP,2023-12-12 05:00:00+00:00,168.39,171.08,167.77,171.04,2946386.0,49059.0,170.437429
AXP,2023-12-13 05:00:00+00:00,171.21,174.66,170.145,174.56,3207685.0,48441.0,173.314149
AXP,2023-12-14 05:00:00+00:00,175.74,179.9,175.6,178.86,4548159.0,71147.0,178.55806
AXP,2023-12-15 05:00:00+00:00,177.54,181.18,177.4981,180.51,7139394.0,75997.0,179.781939
AXP,2023-12-18 05:00:00+00:00,181.38,182.84,181.03,182.76,2814390.0,51202.0,182.279232
AXP,2023-12-19 05:00:00+00:00,183.21,185.77,183.19,185.75,3978288.0,59122.0,185.29023
AXP,2023-12-20 05:00:00+00:00,185.35,185.65,180.54,180.65,4020694.0,59946.0,182.55574
AXP,2023-12-21 05:00:00+00:00,181.83,185.21,181.83,184.79,3496869.0,49604.0,184.441653
AXP,2023-12-22 05:00:00+00:00,185.64,186.3699,184.63,185.57,2782604.0,38944.0,185.535653
AXP,2023-12-26 05:00:00+00:00,185.96,186.18,185.13,185.96,1230025.0,26308.0,185.767552
AXP,2023-12-27 05:00:00+00:00,186.14,187.13,185.62,187.06,1825378.0,33262.0,186.794482
AXP,2023-12-28 05:00:00+00:00,187.12,188.07,187.0,187.8,1486110.0,31796.0,187.659492
AXP,2023-12-29 05:00:00+00:00,187.75,188.3,186.53,187.34,1914960.0,37602.0,187.409123
AXP,2024-01-02 05:00:00+00:00,186.49,188.735,186.07,188.31,2236696.0,49810.0,187.803126
AXP,2024-01-03 05:00:00+00:00,186.68,187.49,185.5913,186.32,2720517.0,48697.0,186.609924
AXP,2024-01-04 05:00:00+00:00,186.01,188.57,185.76,187.14,2777537.0,46205.0,187.364872
AXP,2024-01-05 05:00:00+00:00,186.82,189.51,186.5207,189.06,2243271.0,46416.0,188.838548
AXP,2024-01-08 05:00:00+00:00,188.22,189.33,186.38,189.21,3442161.0,61763.0,188.060783
AXP,2024-01-09 05:00:00+00:00,187.83,187.99,186.3403,186.77,2055536.0,41086.0,186.925103
AXP,2024-01-10 05:00:00+00:00,185.03,186.1,183.6727,184.97,2757848.0,48117.0,184.718296
AXP,2024-01-11 05:00:00+00:00,185.01,185.36,182.04,185.03,3493334.0,57082.0,184.019044
AXP,2024-01-12 05:00:00+00:00,185.83,186.409,181.95,182.04,3366290.0,59989.0,182.716604
AXP,2024-01-16 05:00:00+00:00,181.01,181.15,178.82,180.97,4142929.0,68595.0,180.37306
AXP,2024-01-17 05:00:00+00:00,179.45,181.6,179.0,181.0,2377792.0,49247.0,180.732308
AXP,2024-01-18 05:00:00+00:00,180.1,180.19,177.81,179.79,3215221.0,60616.0,179.2876
AXP,2024-01-19 05:00:00+00:00,181.0,183.38,179.41,183.17,3388875.0,60288.0,182.163561
AXP,2024-01-22 05:00:00+00:00,184.26,186.77,184.06,185.01,3145306.0,52374.0,185.1074
AXP,2024-01-23 05:00:00+00:00,185.68,186.02,184.81,185.47,2327575.0,47010.0,185.442832
AXP,2024-01-24 05:00:00+00:00,187.09,188.42,185.725,185.82,3052485.0,57203.0,186.910606
AXP,2024-01-25 05:00:00+00:00,186.44,188.33,186.43,188.07,3472509.0,67601.0,187.790443
AXP,2024-01-26 05:00:00+00:00,192.54,204.77,192.26,201.43,13555402.0,170149.0,200.912054
AXP,2024-01-29 05:00:00+00:00,201.91,202.9,199.07,200.86,4935511.0,86365.0,200.632721
AXP,2024-01-30 05:00:00+00:00,200.5,204.44,200.41,204.15,4284584.0,78060.0,203.262653
AXP,2024-01-31 05:00:00+00:00,202.4,205.32,200.66,200.74,3495246.0,63281.0,202.501906
AXP,2024-02-01 05:00:00+00:00,200.36,203.47,199.88,203.22,3025286.0,61538.0,202.347104
AXP,2024-02-02 05:00:00+00:00,203.39,206.97,203.0,206.41,3393186.0,63783.0,205.769618
AXP,2024-02-05 05:00:00+00:00,205.49,206.72,203.42,205.94,3099394.0,62746.0,205.395115
AXP,2024-02-06 05:00:00+00:00,205.44,207.08,204.0,205.65,3255282.0,54178.0,205.132843
AXP,2024-02-07 05:00:00+00:00,207.08,209.15,205.6,209.08,3272239.0,54617.0,208.235254
AXP,2024-02-08 05:00:00+00:00,208.25,211.34,207.95,211.21,4136649.0,66959.0,209.963967
AXP,2024-02-09 05:00:00+00:00,211.55,214.25,210.41,212.47,4785303.0,74234.0,212.272087
AXP,2024-02-12 05:00:00+00:00,212.25,214.01,211.61,212.26,4041427.0,64492.0,212.678638
AXP,2024-02-13 05:00:00+00:00,210.22,210.97,207.61,209.67,3381728.0,66953.0,209.165305
AXP,2024-02-14 05:00:00+00:00,211.148,211.291,208.8243,210.9,2770792.0,53659.0,210.247859
AXP,2024-02-15 05:00:00+00:00,211.47,213.12,210.65,212.53,2644546.0,51410.0,212.17044
AXP,2024-02-16 05:00:00+00:00,212.53,214.29,211.87,212.56,2831527.0,50201.0,213.244943
AXP,2024-02-20 05:00:00+00:00,211.0,213.75,210.28,212.49,3341695.0,61716.0,212.330765
AXP,2024-02-21 05:00:00+00:00,211.6,212.69,209.1,210.89,2600172.0,50264.0,210.675799
AXP,2024-02-22 05:00:00+00:00,212.48,215.545,212.48,213.99,3027833.0,55334.0,214.462857
AXP,2024-02-23 05:00:00+00:00,215.0,216.315,214.255,214.56,2617090.0,50960.0,215.142778
AXP,2024-02-26 05:00:00+00:00,213.42,217.54,213.25,216.96,2684535.0,54564.0,216.603477
AXP,2024-02-27 05:00:00+00:00,217.43,218.08,216.295,217.98,2428235.0,48749.0,217.409104
AXP,2024-02-28 05:00:00+00:00,217.18,219.2,216.76,218.03,2617415.0,47942.0,218.188642
AXP,2024-02-29 05:00:00+00:00,218.99,219.74,217.65,219.42,5186513.0,50847.0,219.232675
AXP,2024-03-01 05:00:00+00:00,219.31,220.38,218.43,219.66,2342883.0,48105.0,219.65524
